"teryt";"rok";"l_mieszk"
20101;2010;40309
20102;2010;13564
20103;2010;5515
20104;2010;15218
20105;2010;7585
20106;2010;8315
20201;2010;31778
20202;2010;35017
20203;2010;9693
20204;2010;6805
20205;2010;9395
20206;2010;7576
20207;2010;5910
20301;2010;69630
20302;2010;6231
20303;2010;4148
20304;2010;4314
20305;2010;2366
20306;2010;3626
20401;2010;21010
20402;2010;3169
20403;2010;5185
20404;2010;7481
20501;2010;24386
20502;2010;11191
20503;2010;4943
20504;2010;4220
20505;2010;3971
20506;2010;4098
20601;2010;5045
20602;2010;11806
20603;2010;6589
20604;2010;7020
20605;2010;4288
20606;2010;6764
20607;2010;10210
20608;2010;8119
20609;2010;5393
20701;2010;20778
20702;2010;8915
20703;2010;11623
20704;2010;4710
20801;2010;5039
20802;2010;28780
20803;2010;10463
20804;2010;24001
20805;2010;6808
20806;2010;19844
20807;2010;17244
20808;2010;8858
20809;2010;1983
20810;2010;7611
20811;2010;12281
20812;2010;9464
20813;2010;7846
20814;2010;7475
20901;2010;14372
20902;2010;9466
20903;2010;3181
20904;2010;5839
20905;2010;5139
20906;2010;6292
20907;2010;7558
20908;2010;2735
21001;2010;22341
21002;2010;4519
21003;2010;10630
21004;2010;6528
21005;2010;6726
21006;2010;1670
21007;2010;4612
21101;2010;75516
21102;2010;13390
21103;2010;7525
21104;2010;10542
21201;2010;10247
21202;2010;6216
21203;2010;18136
21204;2010;9016
21205;2010;4457
21301;2010;4732
21302;2010;8221
21303;2010;24576
21401;2010;37079
21402;2010;10307
21403;2010;6333
21404;2010;4646
21405;2010;5136
21406;2010;12327
21407;2010;16472
21408;2010;13020
21501;2010;31810
21502;2010;5374
21503;2010;22802
21504;2010;14710
21601;2010;13078
21602;2010;3930
21603;2010;5303
21604;2010;27131
21605;2010;8865
21606;2010;4623
21701;2010;5257
21702;2010;4599
21703;2010;5134
21704;2010;22244
21705;2010;7526
21801;2010;7145
21802;2010;6100
21803;2010;13279
21804;2010;19532
21805;2010;5492
21901;2010;60548
21902;2010;23323
21903;2010;5423
21904;2010;10437
21905;2010;6514
21906;2010;27148
21907;2010;16351
21908;2010;12642
22001;2010;19127
22002;2010;9370
22003;2010;22941
22004;2010;9260
22005;2010;5705
22006;2010;15058
22101;2010;16614
22102;2010;5072
22103;2010;5897
22104;2010;4846
22105;2010;9213
22106;2010;7407
22107;2010;4253
22108;2010;5761
22109;2010;121146
22201;2010;16298
22202;2010;8719
22203;2010;22939
22301;2010;11696
22302;2010;23988
22303;2010;3106
22304;2010;21045
22305;2010;16788
22306;2010;3844
22307;2010;12721
22308;2010;16223
22309;2010;9182
22401;2010;5563
22402;2010;3137
22403;2010;8628
22404;2010;5565
22405;2010;23142
22406;2010;18253
22407;2010;4852
22501;2010;4404
22502;2010;32588
22503;2010;25062
22504;2010;9366
22505;2010;6160
22506;2010;8844
22507;2010;8212
22601;2010;3906
22602;2010;16529
22603;2010;4702
22604;2010;7829
22605;2010;5609
22606;2010;7121
26101;2010;84015
26201;2010;103417
26401;2010;630691
40101;2010;12652
40102;2010;10944
40103;2010;2024
40104;2010;11411
40105;2010;4512
40106;2010;3373
40107;2010;3180
40108;2010;4556
40109;2010;3689
40201;2010;28396
40202;2010;6265
40203;2010;7303
40204;2010;3739
40205;2010;3965
40206;2010;4725
40207;2010;9107
40208;2010;4136
40209;2010;5196
40210;2010;4698
40301;2010;17409
40302;2010;7736
40303;2010;10184
40304;2010;24031
40305;2010;9154
40306;2010;11246
40307;2010;9510
40308;2010;16672
40401;2010;20975
40402;2010;5481
40403;2010;4403
40404;2010;5294
40405;2010;4445
40406;2010;5173
40407;2010;6984
40501;2010;12978
40502;2010;4015
40503;2010;8338
40504;2010;11549
40505;2010;4046
40506;2010;4437
40601;2010;11676
40602;2010;6536
40603;2010;8408
40604;2010;4962
40605;2010;4176
40606;2010;4405
40701;2010;76192
40702;2010;5145
40703;2010;15043
40704;2010;11278
40705;2010;13670
40706;2010;20128
40707;2010;10012
40708;2010;4763
40709;2010;9182
40801;2010;15089
40802;2010;3110
40803;2010;3050
40804;2010;8031
40805;2010;7345
40806;2010;11642
40807;2010;7831
40808;2010;4724
40809;2010;6797
40901;2010;4750
40902;2010;5090
40903;2010;25132
40904;2010;12125
41001;2010;13730
41002;2010;9309
41003;2010;32699
41004;2010;7271
41005;2010;23872
41101;2010;5937
41102;2010;3677
41103;2010;5576
41104;2010;8099
41105;2010;9680
41106;2010;4488
41107;2010;5026
41201;2010;16933
41202;2010;5391
41203;2010;4848
41204;2010;7390
41205;2010;6244
41206;2010;4140
41301;2010;7025
41302;2010;16168
41303;2010;5147
41304;2010;13379
41401;2010;5190
41402;2010;7134
41403;2010;5047
41404;2010;7939
41405;2010;4213
41406;2010;10833
41407;2010;5404
41408;2010;9593
41409;2010;34316
41410;2010;3522
41411;2010;6660
41501;2010;15267
41502;2010;9627
41503;2010;8867
41504;2010;18424
41505;2010;6287
41506;2010;9045
41507;2010;12644
41508;2010;4619
41509;2010;12567
41601;2010;6596
41602;2010;5264
41603;2010;4488
41604;2010;5842
41605;2010;5593
41606;2010;20375
41701;2010;14256
41702;2010;3245
41703;2010;4285
41704;2010;4951
41705;2010;8565
41801;2010;3538
41802;2010;3583
41803;2010;3592
41804;2010;11572
41805;2010;8111
41806;2010;6324
41807;2010;9385
41808;2010;7968
41809;2010;4005
41810;2010;4670
41811;2010;7618
41812;2010;9978
41813;2010;6930
41901;2010;15097
41902;2010;5270
41903;2010;9349
41904;2010;9723
41905;2010;6946
41906;2010;24667
46101;2010;364443
46201;2010;98869
46301;2010;205129
46401;2010;117034
60101;2010;17322
60102;2010;5920
60103;2010;13362
60104;2010;5554
60105;2010;5556
60106;2010;3845
60107;2010;4146
60108;2010;4341
60109;2010;5272
60110;2010;10554
60111;2010;7550
60112;2010;3225
60113;2010;2395
60114;2010;2558
60115;2010;2692
60116;2010;6986
60117;2010;3385
60118;2010;5231
60119;2010;4466
60201;2010;27292
60202;2010;3260
60203;2010;12904
60204;2010;3882
60205;2010;6420
60206;2010;4355
60207;2010;7123
60208;2010;6872
60209;2010;4368
60210;2010;4381
60211;2010;5596
60212;2010;6942
60213;2010;4006
60214;2010;6701
60301;2010;4593
60302;2010;3211
60303;2010;13722
60304;2010;6858
60305;2010;2528
60306;2010;4095
60307;2010;3899
60308;2010;4490
60309;2010;4792
60310;2010;5719
60311;2010;7098
60312;2010;5455
60313;2010;4079
60314;2010;3309
60315;2010;6689
60401;2010;18915
60402;2010;6075
60403;2010;5675
60404;2010;10621
60405;2010;7771
60406;2010;4684
60407;2010;4996
60408;2010;10121
60501;2010;3500
60502;2010;3090
60503;2010;6592
60504;2010;6178
60505;2010;16409
60506;2010;7290
60507;2010;4921
60601;2010;19663
60602;2010;4880
60603;2010;3812
60604;2010;8686
60605;2010;9019
60606;2010;4113
60607;2010;4192
60609;2010;3373
60610;2010;4273
60611;2010;5827
60701;2010;36441
60702;2010;9191
60703;2010;5407
60704;2010;7404
60705;2010;7354
60706;2010;6029
60707;2010;6853
60708;2010;8907
60709;2010;5522
60710;2010;6847
60801;2010;22846
60802;2010;4264
60803;2010;6065
60804;2010;2988
60805;2010;6454
60806;2010;6820
60807;2010;10796
60808;2010;6199
60809;2010;6321
60810;2010;5481
60811;2010;4059
60812;2010;4886
60813;2010;3383
60901;2010;13620
60902;2010;3821
60903;2010;12313
60904;2010;8981
60905;2010;8836
60906;2010;7869
60907;2010;13128
60908;2010;12195
60909;2010;4751
60910;2010;11423
60911;2010;17698
60912;2010;7685
60913;2010;5947
60914;2010;10298
60915;2010;4862
60916;2010;3086
61001;2010;7799
61002;2010;5210
61003;2010;24602
61004;2010;9353
61005;2010;5230
61006;2010;5496
61101;2010;31108
61102;2010;2756
61103;2010;5905
61104;2010;10689
61105;2010;17331
61106;2010;4279
61107;2010;9904
61108;2010;8372
61109;2010;7645
61110;2010;7127
61111;2010;5077
61201;2010;6830
61202;2010;7004
61203;2010;5840
61204;2010;5250
61205;2010;18080
61206;2010;15173
61207;2010;4826
61301;2010;4001
61302;2010;4073
61303;2010;4082
61304;2010;14939
61305;2010;1771
61306;2010;4862
61307;2010;2758
61401;2010;50054
61402;2010;4149
61403;2010;3700
61404;2010;7037
61405;2010;9069
61406;2010;7812
61407;2010;3051
61408;2010;9357
61409;2010;11623
61410;2010;4862
61411;2010;6609
61501;2010;16244
61502;2010;6143
61503;2010;4602
61504;2010;8534
61505;2010;4592
61506;2010;8056
61507;2010;6189
61508;2010;7161
61601;2010;17730
61602;2010;7514
61603;2010;4285
61604;2010;20928
61605;2010;5440
61606;2010;3395
61701;2010;40741
61702;2010;8893
61703;2010;10803
61704;2010;3716
61705;2010;9275
61801;2010;20524
61802;2010;3497
61803;2010;3654
61804;2010;3518
61805;2010;6666
61806;2010;6547
61807;2010;5529
61808;2010;7833
61809;2010;4080
61810;2010;4408
61811;2010;11112
61812;2010;6110
61813;2010;5122
61901;2010;13813
61902;2010;3172
61903;2010;3892
61904;2010;2188
61905;2010;4130
61906;2010;6051
61907;2010;4139
61908;2010;2783
62001;2010;4958
62002;2010;4466
62003;2010;5403
62004;2010;7285
62005;2010;6377
62006;2010;6228
62007;2010;5841
62008;2010;6114
62009;2010;6873
62010;2010;5537
62011;2010;5458
62012;2010;4901
62013;2010;11869
62014;2010;21657
62015;2010;7103
66101;2010;58051
66201;2010;66537
66301;2010;349483
66401;2010;66061
80101;2010;18076
80102;2010;7021
80103;2010;8402
80104;2010;7458
80105;2010;6901
80106;2010;7844
80107;2010;13088
80201;2010;17072
80202;2010;3243
80203;2010;2621
80204;2010;5077
80205;2010;7446
80206;2010;18683
80207;2010;2968
80301;2010;4615
80302;2010;25240
80303;2010;5642
80304;2010;4262
80305;2010;12692
80306;2010;6502
80401;2010;40430
80402;2010;5508
80403;2010;3285
80404;2010;16419
80405;2010;6694
80406;2010;5582
80407;2010;6614
80408;2010;3638
80501;2010;6773
80502;2010;4284
80503;2010;6541
80504;2010;10007
80505;2010;19953
80601;2010;6915
80602;2010;17595
80603;2010;4227
80604;2010;17525
80605;2010;4451
80701;2010;4686
80702;2010;3132
80703;2010;4843
80704;2010;16427
80705;2010;6957
80801;2010;3516
80802;2010;5267
80803;2010;5212
80804;2010;3915
80805;2010;30506
80806;2010;8346
80901;2010;6332
80902;2010;3370
80903;2010;9862
80904;2010;5824
80905;2010;9466
80906;2010;26750
80907;2010;6154
80908;2010;3327
80909;2010;3809
80910;2010;18434
81001;2010;3375
81002;2010;26859
81003;2010;3856
81004;2010;7161
81005;2010;5393
81006;2010;4669
81007;2010;21979
81008;2010;2485
81009;2010;7095
81101;2010;2640
81102;2010;39383
81103;2010;3571
81104;2010;7339
81105;2010;3268
81106;2010;19408
81107;2010;3260
81108;2010;5883
81109;2010;3267
81110;2010;11973
81201;2010;12455
81202;2010;5148
81203;2010;21794
86101;2010;124575
86201;2010;118950
100101;2010;60659
100102;2010;10119
100103;2010;5029
100104;2010;4700
100105;2010;4166
100106;2010;5205
100107;2010;7987
100108;2010;15173
100201;2010;46552
100202;2010;5957
100203;2010;2050
100204;2010;8943
100205;2010;4448
100206;2010;8600
100207;2010;2595
100208;2010;3730
100209;2010;2719
100210;2010;4118
100211;2010;12797
100301;2010;4959
100302;2010;28578
100303;2010;6418
100304;2010;7737
100305;2010;3213
100401;2010;15073
100402;2010;4116
100403;2010;4502
100404;2010;6378
100405;2010;8587
100406;2010;6313
100407;2010;4117
100408;2010;3484
100501;2010;29922
100502;2010;5793
100503;2010;3087
100504;2010;4651
100505;2010;3596
100506;2010;4434
100507;2010;7514
100508;2010;6807
100509;2010;9415
100510;2010;6022
100602;2010;12675
100603;2010;5984
100607;2010;23553
100608;2010;4222
100610;2010;9554
100611;2010;11999
100701;2010;6044
100702;2010;10975
100703;2010;4762
100704;2010;35539
100705;2010;4466
100706;2010;3324
100707;2010;7544
100708;2010;6156
100801;2010;17802
100802;2010;69303
100803;2010;4297
100804;2010;7167
100805;2010;7428
100806;2010;7636
100807;2010;6370
100901;2010;13043
100902;2010;4276
100903;2010;4821
100904;2010;11768
100905;2010;4865
100906;2010;4888
100907;2010;4769
100908;2010;4607
101001;2010;4435
101002;2010;4090
101003;2010;8698
101004;2010;6092
101005;2010;3717
101006;2010;12950
101007;2010;3643
101008;2010;12206
101009;2010;16110
101010;2010;11733
101011;2010;7727
101101;2010;3832
101102;2010;3589
101103;2010;15917
101104;2010;7308
101105;2010;6354
101106;2010;5239
101201;2010;48441
101202;2010;4319
101203;2010;6454
101204;2010;6026
101205;2010;6144
101206;2010;4454
101207;2010;4786
101208;2010;4375
101209;2010;4910
101210;2010;4329
101211;2010;7531
101212;2010;5658
101213;2010;4871
101214;2010;5466
101301;2010;17866
101302;2010;11666
101303;2010;4098
101304;2010;8658
101305;2010;1855
101306;2010;5697
101401;2010;43978
101402;2010;15051
101403;2010;4488
101404;2010;6318
101405;2010;5661
101406;2010;5720
101407;2010;3017
101408;2010;10197
101409;2010;12996
101410;2010;6139
101411;2010;7378
101501;2010;4089
101502;2010;5946
101503;2010;2644
101504;2010;2978
101505;2010;3323
101506;2010;5991
101507;2010;3363
101508;2010;7243
101509;2010;2699
101601;2010;66173
101602;2010;3449
101603;2010;2260
101604;2010;5204
101605;2010;3929
101606;2010;7630
101607;2010;6121
101608;2010;4876
101609;2010;10485
101610;2010;7896
101611;2010;3411
101701;2010;5584
101702;2010;4571
101703;2010;3898
101704;2010;5405
101705;2010;4783
101706;2010;4609
101707;2010;6562
101708;2010;3420
101709;2010;32858
101710;2010;6600
101801;2010;4115
101802;2010;3971
101803;2010;6229
101804;2010;4692
101805;2010;4162
101806;2010;4894
101807;2010;14402
101901;2010;44283
101902;2010;7382
101903;2010;4857
101904;2010;11705
102001;2010;15159
102002;2010;20569
102003;2010;58366
102004;2010;28607
102005;2010;4896
102006;2010;6839
102007;2010;5153
102008;2010;12275
102009;2010;12482
102101;2010;12559
102102;2010;5500
102103;2010;4606
102104;2010;3543
102105;2010;4756
106101;2010;730633
106201;2010;76881
106301;2010;48633
120101;2010;30166
120102;2010;18784
120103;2010;6458
120104;2010;5535
120105;2010;7709
120106;2010;13272
120107;2010;10940
120108;2010;5194
120109;2010;5173
120201;2010;8422
120202;2010;36302
120203;2010;9540
120204;2010;14317
120205;2010;7660
120206;2010;6204
120207;2010;9789
120301;2010;12725
120302;2010;8959
120303;2010;49090
120304;2010;22857
120305;2010;34499
120401;2010;2843
120402;2010;20985
120403;2010;3513
120404;2010;3571
120405;2010;7848
120406;2010;7362
120407;2010;13387
120501;2010;28866
120502;2010;17081
120503;2010;9506
120504;2010;16906
120505;2010;6822
120506;2010;8346
120507;2010;4862
120508;2010;5274
120509;2010;4890
120510;2010;6622
120601;2010;13637
120602;2010;7778
120603;2010;8555
120604;2010;10629
120605;2010;14100
120606;2010;32268
120607;2010;16151
120608;2010;9190
120609;2010;12444
120610;2010;10030
120611;2010;42688
120612;2010;13821
120613;2010;5837
120614;2010;9279
120615;2010;10322
120616;2010;24132
120617;2010;18400
120701;2010;15168
120702;2010;7795
120703;2010;9662
120704;2010;8281
120705;2010;7632
120706;2010;7800
120707;2010;23971
120708;2010;9635
120709;2010;17007
120710;2010;7120
120711;2010;6268
120712;2010;6398
120801;2010;7748
120802;2010;6249
120803;2010;4868
120804;2010;5356
120805;2010;20049
120806;2010;2518
120807;2010;3797
120901;2010;14689
120902;2010;9710
120903;2010;42459
120904;2010;10769
120905;2010;6018
120906;2010;8209
120907;2010;14293
120908;2010;8473
120909;2010;7026
121001;2010;6272
121002;2010;26284
121003;2010;9101
121004;2010;23808
121005;2010;9714
121006;2010;13822
121007;2010;17157
121008;2010;5586
121009;2010;15708
121010;2010;10431
121011;2010;11656
121012;2010;8144
121013;2010;10690
121014;2010;12258
121015;2010;3771
121016;2010;23065
121101;2010;33809
121102;2010;7425
121103;2010;21886
121104;2010;7373
121105;2010;17692
121106;2010;6619
121107;2010;5895
121108;2010;9043
121109;2010;23153
121110;2010;8238
121111;2010;14292
121112;2010;17556
121113;2010;4351
121114;2010;10593
121201;2010;10531
121203;2010;7912
121204;2010;15278
121205;2010;50515
121206;2010;7120
121207;2010;23566
121301;2010;40471
121302;2010;21723
121303;2010;13068
121304;2010;34100
121305;2010;8051
121306;2010;17471
121307;2010;4250
121308;2010;6776
121309;2010;9204
121401;2010;8788
121402;2010;5736
121403;2010;5790
121404;2010;3689
121405;2010;16516
121406;2010;3468
121501;2010;5286
121502;2010;9573
121503;2010;8601
121504;2010;6692
121505;2010;10784
121506;2010;16345
121507;2010;11812
121508;2010;9122
121509;2010;5648
121601;2010;11211
121602;2010;8701
121603;2010;14372
121604;2010;11863
121605;2010;9738
121606;2010;11684
121607;2010;6859
121608;2010;13575
121609;2010;24274
121610;2010;18062
121611;2010;10566
121612;2010;4120
121613;2010;13217
121614;2010;12362
121615;2010;19017
121616;2010;8093
121701;2010;27877
121702;2010;7000
121703;2010;12846
121704;2010;8434
121705;2010;11168
121801;2010;43895
121802;2010;9900
121803;2010;19690
121804;2010;6107
121805;2010;3967
121806;2010;10100
121807;2010;6783
121808;2010;7640
121809;2010;38048
121810;2010;11901
121901;2010;9253
121902;2010;17018
121903;2010;10306
121904;2010;24161
121905;2010;52821
126101;2010;757740
126201;2010;84368
126301;2010;114176
140101;2010;10447
140102;2010;5708
140103;2010;3949
140104;2010;5224
140105;2010;5758
140106;2010;2851
140201;2010;45548
140202;2010;6608
140203;2010;8192
140204;2010;4019
140205;2010;3928
140206;2010;4375
140207;2010;5969
140208;2010;5061
140209;2010;7991
140301;2010;16958
140302;2010;4958
140303;2010;5230
140304;2010;12562
140305;2010;6312
140306;2010;5453
140307;2010;7322
140308;2010;5053
140309;2010;4129
140310;2010;10687
140311;2010;8337
140312;2010;7594
140313;2010;5352
140314;2010;8499
140401;2010;19366
140402;2010;12214
140403;2010;3828
140404;2010;6489
140405;2010;5178
140501;2010;16334
140502;2010;3951
140503;2010;4962
140504;2010;41976
140505;2010;10780
140506;2010;7358
140601;2010;6688
140602;2010;7835
140603;2010;9634
140604;2010;2988
140605;2010;24744
140606;2010;5429
140607;2010;9122
140608;2010;8374
140609;2010;4700
140611;2010;19062
140701;2010;5301
140702;2010;7514
140703;2010;4162
140704;2010;3923
140705;2010;30906
140706;2010;6733
140707;2010;4140
140801;2010;53430
140802;2010;16275
140803;2010;12802
140804;2010;12794
140805;2010;11306
140901;2010;2554
140902;2010;5864
140903;2010;11726
140904;2010;4701
140905;2010;6217
140906;2010;5416
141001;2010;3036
141002;2010;11167
141003;2010;3137
141004;2010;5229
141005;2010;5098
141006;2010;5076
141101;2010;10274
141102;2010;2692
141103;2010;5433
141104;2010;6651
141105;2010;1780
141106;2010;5843
141107;2010;4517
141108;2010;2759
141109;2010;3520
141110;2010;3818
141201;2010;39314
141204;2010;6243
141205;2010;9103
141206;2010;6031
141207;2010;14165
141208;2010;5050
141209;2010;6054
141210;2010;5510
141211;2010;13927
141212;2010;8740
141213;2010;7301
141214;2010;6498
141215;2010;19204
141301;2010;30843
141302;2010;3398
141303;2010;5011
141304;2010;3630
141305;2010;7964
141306;2010;5129
141307;2010;4565
141308;2010;4746
141309;2010;4269
141310;2010;5390
141401;2010;28131
141402;2010;9409
141403;2010;5347
141404;2010;19650
141405;2010;8926
141406;2010;6276
141501;2010;6883
141502;2010;2773
141503;2010;5213
141504;2010;8747
141505;2010;11444
141506;2010;8817
141507;2010;8387
141508;2010;10646
141509;2010;10022
141510;2010;9639
141511;2010;4939
141601;2010;22986
141602;2010;4479
141603;2010;2847
141604;2010;2942
141605;2010;12243
141606;2010;3074
141607;2010;12944
141608;2010;3952
141609;2010;1841
141610;2010;4556
141611;2010;3879
141701;2010;19383
141702;2010;44740
141703;2010;11399
141704;2010;15990
141705;2010;8079
141706;2010;3493
141707;2010;6314
141708;2010;10902
141801;2010;25372
141802;2010;24839
141803;2010;20517
141804;2010;71706
141805;2010;9576
141806;2010;11049
141901;2010;9138
141902;2010;8429
141903;2010;8129
141904;2010;5860
141905;2010;8485
141906;2010;10981
141907;2010;5193
141908;2010;6273
141909;2010;3997
141910;2010;8027
141911;2010;4636
141912;2010;6551
141913;2010;10980
141914;2010;7581
141915;2010;5897
142001;2010;22600
142002;2010;4673
142003;2010;8213
142004;2010;7941
142005;2010;3905
142006;2010;2613
142007;2010;6675
142008;2010;4813
142009;2010;7423
142010;2010;8855
142011;2010;5962
142012;2010;5707
142101;2010;22972
142102;2010;58083
142103;2010;23481
142104;2010;16680
142105;2010;11659
142106;2010;21055
142201;2010;17439
142202;2010;10407
142203;2010;3949
142204;2010;7393
142205;2010;3896
142206;2010;3666
142207;2010;7430
142301;2010;4575
142302;2010;4779
142303;2010;3535
142304;2010;4090
142305;2010;4330
142306;2010;12602
142307;2010;4417
142308;2010;5483
142401;2010;3959
142402;2010;4878
142403;2010;4855
142404;2010;23911
142405;2010;4766
142406;2010;4098
142407;2010;4813
142501;2010;19892
142502;2010;8295
142503;2010;15446
142504;2010;6678
142505;2010;13899
142506;2010;12114
142507;2010;11448
142508;2010;10003
142509;2010;7229
142510;2010;13922
142511;2010;10133
142512;2010;8555
142513;2010;12001
142601;2010;2696
142602;2010;2946
142603;2010;8572
142604;2010;5207
142605;2010;6225
142606;2010;2769
142607;2010;3593
142608;2010;16790
142609;2010;7496
142610;2010;4747
142611;2010;5902
142612;2010;4711
142613;2010;10142
142701;2010;18807
142702;2010;6125
142703;2010;6168
142704;2010;4285
142705;2010;7018
142706;2010;4461
142707;2010;7044
142801;2010;38208
142802;2010;4296
142803;2010;6332
142804;2010;5585
142805;2010;6289
142806;2010;3476
142807;2010;9696
142808;2010;11299
142901;2010;18829
142902;2010;3829
142903;2010;2417
142904;2010;4951
142905;2010;6664
142906;2010;5758
142907;2010;3989
142908;2010;6108
142909;2010;4473
143001;2010;6226
143002;2010;5241
143003;2010;3899
143004;2010;5903
143005;2010;19577
143201;2010;20774
143202;2010;10182
143203;2010;4204
143204;2010;9688
143205;2010;23794
143206;2010;21326
143207;2010;16918
143301;2010;12836
143302;2010;4606
143303;2010;6656
143304;2010;7642
143305;2010;17969
143306;2010;4114
143307;2010;6189
143308;2010;5275
143309;2010;3053
143401;2010;19866
143402;2010;26866
143403;2010;28577
143404;2010;17416
143405;2010;7561
143406;2010;7723
143407;2010;9277
143408;2010;6025
143409;2010;22397
143410;2010;2925
143411;2010;19187
143412;2010;51091
143501;2010;8504
143502;2010;7964
143503;2010;6958
143504;2010;5573
143505;2010;38919
143506;2010;5729
143601;2010;4714
143602;2010;5860
143603;2010;6453
143604;2010;4918
143605;2010;15424
143701;2010;5352
143702;2010;4941
143703;2010;7202
143704;2010;4626
143705;2010;3703
143706;2010;14785
143801;2010;41616
143802;2010;11503
143803;2010;8382
143804;2010;5174
143805;2010;9834
146101;2010;53619
146201;2010;124691
146301;2010;221658
146401;2010;76303
146501;2010;1700112
160101;2010;37528
160102;2010;7576
160103;2010;19854
160104;2010;13630
160105;2010;8982
160106;2010;5017
160201;2010;6337
160202;2010;7155
160203;2010;23506
160204;2010;11523
160301;2010;64306
160302;2010;7751
160303;2010;6018
160304;2010;8121
160305;2010;4433
160306;2010;8271
160401;2010;9670
160402;2010;37174
160403;2010;7088
160404;2010;14192
160501;2010;12497
160502;2010;23739
160503;2010;7579
160504;2010;5635
160505;2010;16494
160601;2010;3755
160602;2010;25809
160603;2010;5452
160604;2010;3584
160605;2010;4676
160701;2010;25290
160702;2010;3728
160703;2010;9328
160704;2010;7896
160705;2010;58761
160706;2010;14143
160707;2010;13426
160708;2010;3764
160709;2010;6463
160801;2010;10130
160802;2010;7408
160803;2010;18176
160804;2010;13968
160805;2010;4495
160806;2010;8343
160807;2010;3841
160901;2010;6678
160902;2010;9458
160903;2010;14358
160904;2010;10920
160905;2010;9504
160906;2010;5649
160907;2010;13632
160908;2010;20200
160909;2010;8276
160910;2010;9815
160911;2010;9727
160912;2010;5261
160913;2010;9632
161001;2010;11096
161002;2010;13871
161003;2010;4431
161004;2010;28521
161101;2010;5360
161102;2010;7175
161103;2010;6079
161104;2010;8183
161105;2010;31827
161106;2010;6278
161107;2010;12142
166101;2010;122656
180103;2010;2421
180105;2010;2164
180108;2010;17909
180201;2010;26663
180202;2010;6177
180203;2010;8241
180204;2010;9346
180205;2010;7608
180206;2010;8537
180301;2010;47243
180302;2010;13180
180303;2010;12744
180304;2010;24897
180305;2010;5467
180306;2010;17696
180307;2010;13628
180401;2010;39947
180402;2010;5515
180403;2010;5627
180404;2010;12931
180405;2010;7048
180406;2010;8331
180407;2010;9840
180408;2010;11535
180409;2010;4383
180410;2010;6298
180411;2010;11439
180501;2010;37148
180502;2010;6392
180503;2010;8570
180504;2010;16212
180505;2010;9087
180506;2010;2010
180507;2010;9374
180508;2010;5397
180509;2010;12457
180511;2010;9174
180601;2010;8061
180602;2010;25129
180603;2010;9936
180604;2010;6003
180605;2010;7217
180606;2010;6535
180701;2010;13478
180702;2010;14858
180703;2010;10925
180704;2010;15489
180705;2010;10988
180706;2010;5428
180707;2010;13569
180708;2010;15682
180709;2010;9194
180710;2010;2109
180801;2010;14538
180802;2010;8127
180803;2010;5723
180804;2010;19975
180805;2010;21836
180901;2010;12586
180902;2010;7608
180903;2010;5006
180904;2010;9218
180905;2010;8456
180906;2010;6590
180907;2010;4452
180908;2010;3946
181001;2010;18183
181002;2010;8332
181003;2010;11104
181004;2010;20969
181005;2010;6621
181006;2010;7240
181007;2010;6840
181101;2010;61587
181102;2010;5629
181103;2010;6977
181104;2010;2847
181105;2010;12826
181106;2010;5437
181107;2010;11414
181108;2010;14028
181109;2010;7802
181110;2010;7495
181201;2010;6335
181202;2010;5490
181203;2010;10094
181204;2010;4334
181205;2010;22604
181206;2010;10283
181207;2010;8702
181301;2010;6724
181302;2010;9564
181303;2010;5588
181304;2010;4947
181305;2010;4941
181306;2010;6393
181307;2010;8685
181308;2010;9904
181309;2010;4078
181310;2010;12812
181401;2010;15971
181402;2010;4213
181403;2010;4665
181404;2010;4674
181405;2010;12637
181406;2010;14719
181407;2010;7020
181408;2010;8353
181409;2010;7193
181501;2010;7525
181502;2010;7060
181503;2010;26740
181504;2010;23228
181505;2010;8458
181601;2010;6242
181602;2010;10773
181603;2010;18865
181604;2010;6656
181605;2010;7143
181606;2010;18590
181607;2010;6971
181608;2010;6980
181609;2010;10240
181610;2010;6523
181611;2010;16905
181612;2010;15898
181613;2010;19942
181614;2010;11042
181701;2010;39569
181702;2010;4392
181703;2010;5459
181704;2010;5130
181705;2010;17435
181706;2010;1981
181707;2010;12968
181708;2010;9324
181801;2010;65317
181802;2010;7397
181803;2010;10134
181804;2010;7434
181805;2010;8746
181806;2010;10861
181901;2010;11743
181902;2010;10569
181903;2010;10716
181904;2010;20933
181905;2010;8454
182001;2010;12211
182002;2010;13684
182003;2010;9798
182004;2010;18704
182101;2010;3221
182102;2010;1741
182103;2010;11651
182104;2010;5045
182105;2010;5301
186101;2010;47516
186201;2010;65096
186301;2010;179199
186401;2010;48886
200101;2010;30809
200102;2010;6873
200103;2010;5818
200104;2010;5624
200105;2010;2954
200106;2010;2578
200107;2010;5442
200201;2010;13979
200202;2010;11891
200203;2010;8475
200204;2010;5716
200205;2010;14504
200206;2010;22804
200207;2010;7255
200208;2010;3722
200209;2010;13688
200210;2010;2074
200211;2010;5704
200212;2010;6497
200213;2010;14277
200214;2010;9036
200215;2010;2955
200301;2010;26728
200302;2010;3903
200303;2010;7205
200304;2010;4815
200305;2010;6326
200306;2010;3130
200307;2010;2052
200308;2010;4812
200401;2010;22539
200402;2010;6078
200403;2010;5100
200404;2010;5546
200405;2010;6493
200406;2010;3978
200501;2010;22355
200502;2010;2319
200503;2010;3516
200504;2010;2379
200505;2010;1803
200506;2010;4096
200507;2010;2826
200508;2010;3957
200509;2010;3922
200601;2010;10763
200602;2010;3671
200603;2010;8882
200604;2010;5086
200605;2010;6565
200606;2010;5207
200701;2010;5674
200702;2010;10646
200703;2010;4366
200704;2010;4148
200705;2010;10770
200706;2010;2199
200707;2010;5628
200708;2010;4369
200709;2010;4439
200801;2010;5221
200802;2010;3002
200803;2010;5473
200804;2010;4983
200805;2010;4118
200806;2010;15578
200807;2010;4644
200901;2010;5707
200902;2010;2930
200903;2010;3998
200904;2010;4377
200905;2010;4161
201001;2010;15068
201002;2010;6864
201003;2010;3025
201004;2010;4649
201005;2010;2615
201006;2010;2118
201007;2010;4384
201008;2010;3100
201009;2010;6400
201101;2010;12589
201102;2010;4463
201103;2010;3489
201104;2010;3368
201105;2010;4333
201106;2010;2887
201107;2010;3768
201108;2010;26727
201109;2010;7344
201110;2010;3316
201201;2010;3095
201202;2010;4604
201203;2010;3167
201204;2010;3069
201205;2010;6138
201206;2010;2472
201207;2010;7180
201208;2010;3997
201209;2010;2500
201301;2010;9508
201302;2010;9299
201303;2010;6607
201304;2010;4634
201305;2010;3511
201306;2010;3307
201307;2010;4118
201308;2010;5982
201309;2010;7386
201310;2010;5378
201401;2010;22872
201402;2010;2427
201403;2010;5992
201404;2010;4980
201405;2010;8920
206101;2010;294155
206201;2010;63240
206301;2010;69245
220101;2010;2953
220102;2010;24811
220103;2010;5765
220104;2010;4277
220105;2010;5067
220106;2010;20253
220107;2010;3582
220108;2010;3523
220109;2010;3797
220110;2010;4167
220201;2010;40478
220202;2010;13957
220203;2010;17418
220204;2010;21415
220205;2010;2274
220301;2010;14641
220302;2010;9438
220303;2010;10578
220304;2010;9377
220305;2010;3583
220306;2010;6342
220307;2010;3724
220401;2010;27678
220402;2010;6725
220403;2010;14261
220404;2010;21141
220405;2010;5617
220406;2010;8447
220407;2010;4138
220408;2010;10427
220501;2010;7030
220502;2010;32552
220503;2010;7859
220504;2010;17959
220505;2010;9820
220506;2010;9536
220507;2010;5096
220508;2010;29669
220601;2010;23755
220602;2010;4187
220603;2010;6151
220604;2010;14871
220605;2010;4615
220606;2010;3566
220607;2010;6648
220608;2010;6590
220701;2010;38801
220702;2010;8495
220703;2010;10968
220704;2010;13477
220705;2010;5955
220706;2010;5866
220801;2010;35821
220802;2010;3911
220803;2010;7318
220804;2010;13195
220805;2010;5916
220901;2010;39393
220903;2010;4832
220904;2010;4485
220906;2010;3409
220907;2010;7998
220908;2010;4740
221001;2010;1361
221002;2010;18313
221003;2010;3280
221004;2010;9931
221005;2010;3645
221101;2010;3945
221102;2010;3974
221103;2010;11547
221104;2010;15303
221105;2010;10092
221106;2010;10469
221107;2010;23843
221201;2010;16508
221202;2010;6272
221203;2010;9821
221204;2010;9638
221205;2010;9595
221206;2010;10602
221207;2010;7200
221208;2010;15478
221209;2010;3454
221210;2010;8002
221301;2010;3319
221302;2010;3575
221303;2010;49218
221304;2010;3051
221305;2010;5232
221306;2010;6147
221307;2010;2944
221308;2010;2459
221309;2010;14556
221310;2010;4655
221311;2010;5362
221312;2010;14800
221313;2010;11220
221401;2010;60982
221402;2010;16068
221403;2010;3752
221404;2010;16740
221405;2010;5387
221406;2010;12760
221501;2010;21475
221502;2010;46584
221503;2010;49870
221504;2010;5704
221505;2010;7134
221506;2010;5976
221507;2010;14205
221508;2010;11742
221509;2010;15015
221510;2010;21300
221601;2010;9662
221602;2010;3794
221603;2010;4177
221604;2010;6488
221605;2010;18680
226101;2010;460509
226201;2010;249461
226301;2010;96022
226401;2010;38858
240101;2010;59133
240102;2010;33803
240103;2010;9249
240104;2010;11643
240105;2010;7542
240106;2010;11547
240107;2010;12223
240108;2010;7089
240201;2010;5807
240202;2010;10835
240203;2010;10908
240204;2010;44202
240205;2010;22069
240206;2010;6757
240207;2010;12245
240208;2010;15280
240209;2010;16095
240210;2010;12921
240301;2010;36285
240302;2010;15932
240303;2010;11346
240304;2010;10773
240305;2010;9388
240306;2010;5597
240307;2010;12657
240308;2010;10381
240309;2010;11759
240310;2010;26447
240311;2010;12479
240312;2010;12922
240401;2010;13355
240402;2010;4058
240403;2010;5972
240404;2010;5568
240405;2010;13819
240406;2010;10213
240407;2010;10636
240408;2010;4922
240409;2010;5071
240410;2010;10562
240411;2010;14523
240412;2010;7175
240413;2010;12777
240414;2010;3985
240415;2010;10024
240416;2010;2788
240501;2010;39625
240502;2010;18802
240503;2010;11054
240504;2010;10965
240505;2010;10576
240506;2010;8517
240507;2010;9535
240508;2010;5920
240601;2010;20725
240602;2010;9408
240603;2010;6496
240604;2010;7596
240605;2010;6893
240606;2010;5122
240607;2010;6065
240608;2010;6014
240609;2010;17510
240701;2010;24394
240702;2010;3344
240703;2010;7832
240704;2010;6984
240705;2010;6738
240706;2010;11744
240707;2010;6557
240708;2010;9644
240801;2010;22252
240802;2010;39513
240803;2010;19514
240804;2010;5721
240805;2010;7096
240901;2010;32858
240902;2010;14360
240903;2010;5760
240904;2010;10863
240905;2010;8293
241001;2010;6554
241002;2010;4872
241003;2010;16032
241004;2010;17911
241005;2010;50846
241006;2010;11497
241101;2010;56352
241102;2010;4940
241103;2010;5962
241104;2010;11433
241105;2010;12086
241106;2010;7238
241107;2010;7070
241108;2010;5150
241201;2010;41884
241202;2010;9071
241203;2010;3938
241204;2010;9465
241205;2010;11637
241301;2010;8687
241302;2010;7524
241303;2010;17181
241304;2010;60843
241305;2010;3378
241306;2010;5532
241307;2010;11413
241308;2010;8038
241309;2010;15613
241401;2010;19851
241402;2010;8307
241403;2010;16483
241404;2010;7059
241405;2010;6016
241501;2010;14447
241502;2010;18115
241503;2010;22096
241504;2010;49427
241505;2010;13028
241506;2010;20365
241507;2010;8090
241508;2010;5368
241509;2010;7306
241601;2010;8865
241602;2010;52223
241603;2010;2811
241604;2010;6314
241605;2010;16203
241606;2010;9461
241607;2010;9014
241608;2010;8212
241609;2010;5279
241610;2010;4844
241701;2010;32464
241702;2010;6703
241703;2010;5984
241704;2010;13592
241705;2010;2482
241706;2010;10150
241707;2010;4415
241708;2010;13647
241709;2010;10100
241710;2010;12881
241711;2010;9249
241712;2010;3473
241713;2010;8047
241714;2010;4740
241715;2010;15045
246101;2010;174755
246201;2010;177266
246301;2010;111843
246401;2010;237203
246501;2010;126079
246601;2010;187830
246701;2010;92622
246801;2010;94831
246901;2010;311421
247001;2010;75501
247101;2010;58022
247201;2010;143566
247301;2010;141036
247401;2010;70296
247501;2010;216961
247601;2010;53304
247701;2010;129507
247801;2010;181399
247901;2010;62138
260101;2010;32996
260102;2010;4620
260103;2010;6406
260104;2010;7848
260105;2010;5131
260106;2010;7954
260107;2010;3851
260108;2010;5785
260201;2010;4501
260202;2010;29143
260203;2010;11821
260204;2010;5239
260205;2010;4802
260206;2010;13008
260207;2010;4425
260208;2010;8429
260209;2010;7499
260301;2010;4330
260302;2010;4079
260303;2010;16994
260304;2010;3516
260305;2010;6886
260401;2010;10114
260402;2010;11810
260403;2010;15111
260404;2010;11547
260405;2010;15463
260406;2010;13509
260407;2010;7010
260408;2010;9060
260409;2010;10324
260410;2010;10674
260411;2010;9393
260412;2010;14634
260413;2010;9821
260414;2010;15857
260415;2010;4814
260416;2010;5869
260417;2010;7420
260418;2010;10166
260419;2010;12879
260501;2010;4782
260502;2010;4729
260503;2010;37109
260504;2010;9288
260505;2010;3289
260506;2010;3533
260507;2010;3761
260508;2010;18206
260601;2010;5137
260602;2010;7017
260603;2010;5677
260604;2010;12462
260605;2010;11331
260606;2010;4211
260607;2010;5599
260608;2010;4377
260701;2010;73847
260702;2010;3830
260703;2010;13756
260704;2010;7834
260705;2010;10131
260706;2010;7115
260801;2010;5380
260802;2010;4546
260803;2010;4831
260804;2010;21869
260805;2010;4804
260901;2010;24953
260902;2010;9146
260903;2010;8618
260904;2010;7025
260905;2010;7521
260906;2010;6704
260907;2010;8833
260908;2010;3865
260909;2010;4721
261001;2010;48704
261002;2010;8517
261003;2010;5340
261004;2010;6295
261005;2010;10756
261101;2010;52505
261102;2010;11165
261103;2010;8446
261104;2010;15313
261105;2010;7182
261201;2010;7992
261202;2010;4381
261203;2010;3971
261204;2010;7896
261205;2010;12090
261206;2010;6430
261207;2010;26795
261208;2010;4856
261301;2010;5281
261302;2010;10842
261303;2010;2820
261304;2010;2580
261305;2010;5002
261306;2010;20362
266101;2010;202450
280101;2010;25058
280102;2010;4455
280103;2010;11038
280104;2010;6851
280105;2010;7231
280106;2010;6816
280201;2010;17838
280202;2010;6386
280203;2010;3760
280204;2010;3091
280205;2010;6751
280206;2010;2657
280207;2010;3157
280301;2010;21588
280302;2010;9827
280303;2010;7380
280304;2010;14732
280305;2010;5959
280306;2010;7382
280401;2010;7166
280402;2010;3334
280403;2010;5173
280404;2010;4214
280405;2010;3200
280406;2010;4639
280407;2010;19679
280408;2010;4126
280409;2010;6823
280501;2010;58934
280502;2010;10911
280503;2010;7056
280504;2010;7574
280505;2010;3982
280601;2010;30186
280604;2010;8019
280605;2010;3143
280606;2010;3927
280608;2010;5915
280610;2010;6656
280701;2010;33324
280702;2010;9947
280703;2010;12592
280704;2010;6238
280705;2010;10564
280706;2010;13120
280707;2010;7118
280801;2010;28519
280802;2010;6790
280803;2010;8443
280804;2010;10610
280805;2010;8241
280806;2010;4120
280901;2010;16692
280902;2010;3429
280903;2010;6814
280904;2010;3638
280905;2010;12682
281001;2010;22332
281002;2010;8571
281003;2010;7852
281004;2010;7928
281005;2010;4759
281101;2010;3429
281102;2010;2901
281103;2010;6347
281104;2010;21727
281201;2010;11174
281202;2010;9667
281203;2010;6414
281204;2010;8994
281205;2010;8034
281303;2010;5437
281304;2010;22144
281305;2010;4008
281306;2010;3488
281401;2010;17063
281402;2010;19398
281403;2010;16203
281404;2010;10399
281405;2010;5980
281406;2010;8093
281407;2010;6653
281408;2010;3428
281409;2010;13956
281410;2010;8118
281411;2010;6361
281412;2010;4224
281501;2010;34050
281502;2010;4537
281503;2010;5839
281504;2010;4515
281505;2010;6546
281506;2010;5834
281507;2010;5119
281508;2010;25272
281509;2010;15831
281601;2010;12418
281602;2010;9618
281603;2010;27949
281604;2010;8565
281701;2010;25282
281702;2010;6858
281703;2010;3701
281704;2010;5408
281705;2010;5807
281706;2010;11665
281707;2010;6125
281708;2010;6564
281801;2010;3973
281802;2010;3141
281803;2010;20464
281901;2010;3011
281902;2010;3436
281903;2010;17406
286101;2010;124883
286201;2010;175388
300101;2010;19753
300102;2010;8398
300103;2010;5742
300104;2010;6417
300105;2010;7538
300201;2010;11557
300202;2010;11057
300203;2010;6032
300204;2010;8825
300205;2010;7322
300206;2010;6256
300207;2010;24491
300208;2010;12795
300301;2010;70363
300302;2010;7179
300303;2010;9756
300304;2010;5365
300305;2010;7571
300306;2010;5929
300307;2010;4061
300308;2010;5602
300309;2010;14374
300310;2010;13707
300401;2010;7668
300402;2010;27944
300403;2010;13021
300404;2010;6020
300405;2010;8497
300406;2010;5170
300407;2010;7944
300501;2010;5008
300502;2010;19233
300503;2010;6492
300504;2010;12853
300505;2010;6842
300601;2010;8399
300602;2010;45332
300603;2010;7205
300604;2010;10535
300701;2010;9594
300702;2010;5839
300703;2010;4762
300704;2010;8857
300705;2010;7533
300706;2010;5423
300707;2010;4906
300708;2010;10675
300709;2010;7287
300710;2010;7958
300711;2010;9203
300801;2010;7740
300802;2010;5938
300803;2010;24796
300804;2010;5320
300805;2010;3849
300806;2010;3966
300807;2010;4829
300901;2010;23426
300902;2010;8053
300903;2010;3404
300904;2010;6616
300905;2010;5681
300906;2010;13482
300907;2010;7423
300908;2010;6606
300909;2010;4698
300910;2010;5959
300911;2010;4340
301001;2010;11751
301002;2010;5271
301003;2010;11040
301004;2010;9973
301005;2010;10547
301006;2010;7428
301007;2010;8371
301008;2010;7068
301009;2010;6276
301010;2010;10568
301011;2010;11221
301012;2010;13822
301013;2010;7676
301014;2010;6391
301101;2010;24216
301102;2010;11378
301103;2010;15504
301104;2010;10059
301105;2010;17601
301201;2010;2879
301202;2010;8147
301203;2010;13683
301204;2010;40855
301205;2010;5172
301206;2010;7269
301301;2010;8417
301302;2010;6725
301303;2010;8866
301304;2010;8430
301305;2010;7455
301306;2010;3696
301307;2010;8900
301401;2010;3377
301402;2010;6254
301403;2010;18612
301404;2010;8794
301501;2010;5613
301502;2010;9343
301503;2010;3686
301504;2010;25248
301505;2010;16032
301506;2010;13576
301601;2010;32796
301602;2010;18125
301603;2010;7366
301701;2010;72803
301702;2010;15208
301703;2010;14240
301704;2010;18529
301705;2010;11859
301706;2010;11696
301707;2010;9681
301708;2010;6587
301801;2010;2534
301802;2010;5226
301803;2010;7825
301804;2010;6076
301805;2010;3663
301806;2010;6203
301807;2010;23887
301901;2010;74856
301902;2010;4987
301903;2010;7775
301904;2010;9898
301905;2010;3258
301906;2010;8396
301907;2010;8160
301908;2010;14320
301909;2010;6869
302001;2010;4769
302002;2010;4882
302003;2010;8342
302004;2010;4683
302005;2010;10246
302006;2010;30347
302101;2010;29762
302102;2010;9734
302103;2010;12215
302104;2010;25995
302105;2010;18290
302106;2010;6166
302107;2010;19732
302108;2010;17067
302109;2010;20973
302110;2010;27778
302111;2010;16417
302112;2010;18115
302113;2010;12528
302114;2010;14453
302115;2010;14822
302116;2010;44521
302117;2010;21677
302201;2010;8949
302202;2010;7100
302203;2010;9421
302204;2010;4760
302205;2010;30209
302301;2010;14287
302302;2010;5700
302303;2010;3939
302304;2010;5136
302305;2010;2170
302306;2010;9361
302307;2010;10081
302308;2010;9173
302401;2010;2366
302402;2010;8474
302403;2010;7624
302404;2010;4371
302405;2010;4956
302406;2010;12418
302407;2010;29345
302408;2010;18978
302501;2010;2933
302502;2010;6739
302503;2010;9109
302504;2010;30878
302505;2010;6533
302601;2010;4906
302602;2010;5867
302603;2010;8500
302604;2010;41075
302701;2010;29114
302702;2010;6012
302703;2010;6387
302704;2010;5237
302705;2010;6518
302706;2010;4316
302707;2010;10597
302708;2010;8459
302709;2010;8081
302801;2010;25338
302802;2010;5633
302803;2010;8532
302804;2010;6046
302805;2010;9065
302806;2010;3112
302807;2010;11728
302901;2010;13796
302902;2010;12379
302903;2010;30252
303001;2010;6138
303002;2010;10399
303003;2010;7068
303004;2010;7298
303005;2010;45146
303101;2010;18782
303102;2010;11808
303103;2010;7484
303104;2010;5669
303105;2010;9022
303106;2010;3140
303107;2010;4918
303108;2010;9465
306101;2010;105567
306201;2010;78670
306301;2010;64654
306401;2010;555614
320101;2010;24927
320102;2010;8026
320103;2010;9438
320104;2010;7078
320201;2010;4906
320202;2010;22517
320203;2010;5353
320204;2010;3891
320205;2010;8137
320206;2010;5816
320301;2010;12013
320302;2010;16832
320303;2010;7320
320304;2010;2612
320305;2010;4444
320306;2010;15766
320402;2010;34916
320403;2010;8622
320404;2010;24995
320405;2010;2978
320406;2010;5280
320407;2010;4945
320501;2010;3843
320502;2010;24110
320503;2010;4225
320504;2010;9277
320507;2010;3727
320508;2010;16831
320601;2010;6604
320602;2010;4482
320603;2010;14084
320604;2010;32188
320605;2010;7459
320606;2010;4436
320607;2010;3853
320608;2010;5682
320609;2010;5601
320701;2010;4127
320702;2010;6088
320703;2010;14697
320704;2010;6731
320705;2010;4370
320706;2010;12547
320801;2010;47103
320802;2010;5584
320803;2010;5209
320804;2010;10004
320805;2010;4148
320806;2010;3671
320807;2010;3643
320901;2010;8472
320902;2010;6003
320903;2010;9832
320904;2010;6737
320905;2010;5092
320906;2010;9203
320907;2010;13681
320908;2010;6386
321001;2010;19832
321002;2010;2936
321003;2010;21139
321004;2010;20894
321005;2010;3414
321101;2010;16584
321102;2010;10758
321103;2010;1702
321104;2010;42091
321201;2010;3137
321202;2010;2634
321203;2010;6203
321204;2010;5408
321205;2010;19916
321206;2010;3591
321301;2010;14425
321302;2010;13185
321303;2010;7927
321304;2010;6640
321305;2010;7073
321306;2010;8902
321401;2010;70110
321402;2010;6129
321403;2010;5123
321404;2010;8166
321405;2010;3597
321406;2010;4442
321408;2010;3222
321409;2010;3673
321410;2010;12162
321411;2010;4364
321501;2010;40856
321502;2010;8992
321503;2010;5407
321504;2010;9757
321505;2010;5095
321506;2010;9528
321601;2010;15935
321602;2010;2924
321603;2010;16210
321604;2010;3897
321605;2010;4283
321606;2010;6197
321701;2010;26484
321702;2010;5138
321703;2010;5716
321704;2010;5103
321705;2010;12706
321801;2010;4551
321802;2010;14540
321803;2010;3764
321804;2010;8400
321805;2010;7315
326101;2010;109302
326201;2010;410245
326301;2010;41475
20101;2014;39464
20102;2014;14092
20103;2014;5483
20104;2014;15250
20105;2014;7558
20106;2014;8499
20201;2014;30987
20202;2014;34168
20203;2014;9586
20204;2014;6702
20205;2014;9335
20206;2014;7531
20207;2014;5766
20301;2014;68836
20302;2014;6438
20303;2014;4666
20304;2014;4438
20305;2014;2315
20306;2014;3529
20401;2014;20554
20402;2014;3171
20403;2014;5114
20404;2014;7397
20501;2014;23767
20502;2014;10823
20503;2014;4991
20504;2014;4160
20505;2014;3996
20506;2014;4059
20601;2014;4921
20602;2014;11408
20603;2014;6483
20604;2014;6829
20605;2014;4338
20606;2014;7102
20607;2014;10250
20608;2014;8329
20609;2014;5309
20701;2014;19889
20702;2014;8984
20703;2014;11205
20704;2014;4622
20801;2014;4837
20802;2014;27792
20803;2014;10249
20804;2014;23030
20805;2014;6599
20806;2014;19446
20807;2014;17369
20808;2014;8540
20809;2014;1937
20810;2014;7436
20811;2014;11964
20812;2014;9299
20813;2014;7690
20814;2014;7484
20901;2014;13972
20902;2014;9496
20903;2014;3285
20904;2014;6399
20905;2014;5171
20906;2014;6493
20907;2014;7499
20908;2014;2711
21001;2014;21785
21002;2014;4308
21003;2014;10412
21004;2014;6580
21005;2014;6619
21006;2014;1657
21007;2014;4539
21101;2014;73658
21102;2014;14789
21103;2014;7690
21104;2014;10296
21201;2014;10010
21202;2014;6166
21203;2014;17614
21204;2014;8820
21205;2014;4404
21301;2014;4692
21302;2014;8194
21303;2014;24380
21401;2014;37355
21402;2014;10180
21403;2014;6452
21404;2014;4635
21405;2014;5139
21406;2014;12880
21407;2014;16659
21408;2014;13011
21501;2014;32356
21502;2014;5306
21503;2014;23152
21504;2014;15139
21601;2014;13026
21602;2014;4010
21603;2014;5353
21604;2014;27325
21605;2014;8772
21606;2014;4715
21701;2014;5323
21702;2014;4471
21703;2014;4974
21704;2014;22133
21705;2014;7373
21801;2014;7157
21802;2014;6001
21803;2014;14482
21804;2014;19742
21805;2014;5343
21901;2014;58802
21902;2014;23197
21903;2014;5312
21904;2014;10390
21905;2014;6530
21906;2014;26623
21907;2014;16979
21908;2014;12605
22001;2014;19797
22002;2014;9339
22003;2014;23711
22004;2014;9848
22005;2014;5815
22006;2014;14848
22101;2014;16055
22102;2014;4975
22103;2014;5754
22104;2014;4862
22105;2014;8850
22106;2014;7087
22107;2014;4247
22108;2014;5662
22201;2014;16024
22202;2014;8513
22203;2014;22902
22301;2014;13357
22302;2014;27531
22303;2014;3149
22304;2014;22614
22305;2014;18642
22306;2014;3881
22307;2014;12791
22308;2014;19045
22309;2014;9958
22401;2014;5514
22402;2014;3096
22403;2014;8398
22404;2014;5501
22405;2014;22469
22406;2014;17793
22407;2014;4687
22501;2014;4315
22502;2014;31532
22503;2014;24127
22504;2014;9274
22505;2014;6114
22506;2014;8608
22507;2014;8419
22601;2014;3814
22602;2014;16085
22603;2014;4638
22604;2014;7745
22605;2014;5451
22606;2014;7134
26101;2014;81408
26201;2014;101343
26401;2014;634487
26501;2014;116691
40101;2014;12487
40102;2014;10719
40103;2014;1975
40104;2014;11624
40105;2014;4413
40106;2014;3226
40107;2014;3151
40108;2014;4547
40109;2014;3569
40201;2014;28605
40202;2014;6375
40203;2014;7733
40204;2014;3787
40205;2014;4013
40206;2014;4708
40207;2014;9062
40208;2014;4103
40209;2014;5234
40210;2014;4777
40301;2014;19608
40302;2014;8033
40303;2014;11010
40304;2014;24179
40305;2014;9778
40306;2014;12569
40307;2014;9798
40308;2014;16759
40401;2014;20434
40402;2014;5760
40403;2014;4458
40404;2014;5320
40405;2014;4365
40406;2014;5203
40407;2014;7019
40501;2014;12879
40502;2014;4044
40503;2014;8541
40504;2014;11636
40505;2014;3925
40506;2014;4416
40601;2014;12148
40602;2014;6568
40603;2014;8179
40604;2014;4826
40605;2014;4178
40606;2014;4308
40701;2014;74564
40702;2014;5181
40703;2014;14786
40704;2014;11595
40705;2014;13498
40706;2014;19718
40707;2014;9869
40708;2014;4770
40709;2014;9186
40801;2014;14772
40802;2014;3172
40803;2014;2972
40804;2014;7842
40805;2014;7351
40806;2014;11776
40807;2014;7657
40808;2014;4685
40809;2014;6814
40901;2014;4697
40902;2014;4986
40903;2014;24871
40904;2014;11854
41001;2014;13548
41002;2014;9317
41003;2014;32440
41004;2014;7320
41005;2014;24311
41101;2014;5749
41102;2014;3609
41103;2014;5472
41104;2014;7843
41105;2014;9426
41106;2014;4432
41107;2014;4979
41201;2014;16739
41202;2014;5424
41203;2014;4856
41204;2014;7422
41205;2014;6120
41206;2014;4091
41301;2014;7004
41302;2014;16087
41303;2014;5079
41304;2014;13372
41401;2014;5201
41402;2014;7202
41403;2014;5015
41404;2014;8072
41405;2014;4258
41406;2014;10589
41407;2014;5477
41408;2014;9627
41409;2014;34328
41410;2014;3535
41411;2014;6548
41501;2014;14905
41502;2014;9795
41503;2014;8984
41504;2014;19150
41505;2014;6690
41506;2014;9521
41507;2014;14858
41508;2014;4954
41509;2014;13310
41601;2014;6683
41602;2014;5233
41603;2014;4440
41604;2014;5929
41605;2014;5642
41606;2014;20454
41701;2014;13925
41702;2014;3164
41703;2014;4239
41704;2014;4902
41705;2014;8627
41801;2014;3538
41802;2014;3556
41803;2014;3502
41804;2014;11593
41805;2014;8007
41806;2014;6199
41807;2014;9811
41808;2014;7817
41809;2014;3957
41810;2014;4622
41811;2014;7506
41812;2014;9773
41813;2014;6928
41901;2014;14920
41902;2014;5289
41903;2014;9185
41904;2014;9909
41905;2014;6915
41906;2014;24478
46101;2014;357652
46201;2014;97176
46301;2014;203158
46401;2014;113939
60101;2014;17102
60102;2014;5794
60103;2014;13848
60104;2014;5499
60105;2014;5468
60106;2014;3742
60107;2014;4138
60108;2014;4334
60109;2014;5109
60110;2014;10539
60111;2014;7381
60112;2014;3097
60113;2014;2331
60114;2014;2415
60115;2014;2532
60116;2014;6839
60117;2014;3246
60118;2014;5060
60119;2014;4427
60201;2014;26935
60202;2014;3245
60203;2014;13138
60204;2014;3861
60205;2014;6271
60206;2014;4267
60207;2014;6931
60208;2014;6891
60209;2014;4299
60210;2014;4307
60211;2014;5511
60212;2014;6857
60213;2014;3959
60214;2014;6469
60301;2014;4486
60302;2014;3134
60303;2014;14146
60304;2014;6685
60305;2014;2483
60306;2014;4113
60307;2014;3774
60308;2014;4373
60309;2014;4698
60310;2014;5720
60311;2014;6972
60312;2014;5316
60313;2014;3899
60314;2014;3212
60315;2014;6608
60401;2014;18450
60402;2014;5758
60403;2014;5401
60404;2014;10292
60405;2014;7527
60406;2014;4459
60407;2014;4847
60408;2014;9778
60501;2014;3414
60502;2014;2997
60503;2014;6466
60504;2014;6049
60505;2014;16288
60506;2014;7109
60507;2014;4783
60601;2014;19343
60602;2014;4703
60603;2014;3644
60604;2014;8425
60605;2014;8826
60606;2014;3883
60607;2014;4088
60609;2014;3191
60610;2014;4249
60611;2014;5639
60701;2014;35508
60702;2014;8929
60703;2014;5379
60704;2014;7380
60705;2014;7392
60706;2014;5908
60707;2014;6579
60708;2014;8782
60709;2014;5567
60710;2014;6758
60801;2014;22463
60802;2014;4182
60803;2014;5969
60804;2014;2903
60805;2014;6396
60806;2014;6620
60807;2014;11245
60808;2014;6074
60809;2014;6263
60810;2014;5428
60811;2014;3993
60812;2014;4892
60813;2014;3321
60901;2014;13426
60902;2014;3820
60903;2014;12048
60904;2014;8953
60905;2014;9880
60906;2014;7958
60907;2014;13559
60908;2014;13016
60909;2014;4605
60910;2014;11682
60911;2014;18558
60912;2014;7954
60913;2014;5974
60914;2014;11309
60915;2014;4672
60916;2014;2945
61001;2014;7937
61002;2014;5394
61003;2014;23833
61004;2014;9328
61005;2014;5444
61006;2014;5608
61101;2014;30557
61102;2014;2665
61103;2014;5797
61104;2014;10710
61105;2014;17751
61106;2014;4094
61107;2014;9833
61108;2014;8096
61109;2014;7478
61110;2014;7050
61111;2014;4880
61201;2014;6787
61202;2014;6816
61203;2014;5745
61204;2014;5065
61205;2014;17719
61206;2014;14752
61207;2014;4658
61301;2014;3968
61302;2014;3928
61303;2014;4016
61304;2014;14812
61305;2014;1706
61306;2014;4712
61307;2014;2668
61401;2014;48864
61402;2014;4032
61403;2014;3664
61404;2014;6902
61405;2014;9013
61406;2014;7824
61407;2014;3048
61408;2014;9140
61409;2014;11934
61410;2014;4820
61411;2014;6536
61501;2014;16102
61502;2014;6081
61503;2014;4497
61504;2014;8297
61505;2014;4446
61506;2014;8088
61507;2014;6125
61508;2014;6970
61601;2014;16893
61602;2014;7366
61603;2014;4226
61604;2014;20705
61605;2014;5289
61606;2014;3245
61701;2014;40078
61702;2014;9350
61703;2014;10640
61704;2014;3580
61705;2014;9102
61801;2014;19824
61802;2014;3415
61803;2014;3594
61804;2014;3365
61805;2014;6418
61806;2014;6348
61807;2014;5349
61808;2014;7702
61809;2014;4022
61810;2014;4197
61811;2014;11363
61812;2014;5859
61813;2014;4929
61901;2014;13601
61902;2014;3049
61903;2014;3789
61904;2014;2122
61905;2014;4125
61906;2014;6050
61907;2014;4018
61908;2014;2703
62001;2014;4831
62002;2014;4229
62003;2014;5286
62004;2014;7255
62005;2014;6299
62006;2014;6019
62007;2014;5690
62008;2014;5969
62009;2014;6801
62010;2014;5325
62011;2014;5325
62012;2014;4699
62013;2014;11618
62014;2014;22414
62015;2014;7017
66101;2014;57471
66201;2014;64855
66301;2014;341722
66401;2014;65055
80101;2014;18155
80102;2014;7115
80103;2014;9150
80104;2014;8201
80105;2014;6925
80106;2014;8157
80107;2014;13088
80201;2014;16874
80202;2014;3190
80203;2014;2572
80204;2014;5044
80205;2014;7343
80206;2014;18293
80207;2014;2919
80301;2014;4495
80302;2014;25131
80303;2014;5729
80304;2014;4303
80305;2014;12404
80306;2014;6578
80401;2014;39571
80402;2014;5503
80403;2014;3343
80404;2014;16245
80405;2014;6860
80406;2014;5543
80407;2014;6824
80408;2014;3635
80501;2014;6636
80502;2014;4282
80503;2014;6437
80504;2014;9938
80505;2014;19985
80601;2014;6719
80602;2014;17511
80603;2014;4184
80604;2014;17346
80605;2014;4452
80701;2014;4741
80702;2014;3181
80703;2014;4804
80704;2014;16107
80705;2014;6928
80801;2014;3512
80802;2014;5083
80803;2014;5141
80804;2014;3905
80805;2014;30370
80806;2014;8404
80901;2014;6295
80902;2014;3334
80903;2014;10002
80904;2014;5860
80905;2014;9473
80906;2014;26495
80907;2014;6443
80908;2014;3413
80909;2014;4027
81001;2014;3228
81002;2014;26426
81003;2014;3773
81004;2014;7009
81005;2014;5329
81006;2014;4534
81007;2014;21555
81008;2014;2362
81009;2014;7246
81101;2014;2578
81102;2014;38527
81103;2014;3482
81104;2014;7237
81105;2014;3327
81106;2014;19074
81107;2014;3240
81108;2014;5734
81109;2014;3198
81110;2014;12228
81201;2014;12625
81202;2014;5064
81203;2014;21676
86101;2014;124145
100101;2014;59305
100102;2014;10679
100103;2014;5135
100104;2014;5351
100105;2014;4310
100106;2014;5198
100107;2014;8121
100108;2014;15139
100201;2014;45371
100202;2014;5649
100203;2014;1943
100204;2014;8714
100205;2014;4292
100206;2014;8783
100207;2014;2490
100208;2014;3588
100209;2014;2639
100210;2014;4065
100211;2014;12433
100301;2014;5107
100302;2014;28099
100303;2014;6411
100304;2014;7556
100305;2014;3378
100401;2014;14660
100402;2014;3992
100403;2014;4462
100404;2014;6127
100405;2014;8546
100406;2014;6194
100407;2014;4024
100408;2014;3318
100501;2014;29169
100502;2014;5617
100503;2014;2977
100504;2014;4652
100505;2014;3483
100506;2014;4361
100507;2014;7634
100508;2014;6751
100509;2014;9418
100510;2014;5889
100602;2014;13330
100603;2014;6321
100607;2014;23656
100608;2014;4635
100610;2014;9958
100611;2014;12232
100701;2014;5897
100702;2014;10766
100703;2014;4700
100704;2014;34999
100705;2014;4468
100706;2014;3267
100707;2014;7584
100708;2014;6090
100801;2014;17857
100802;2014;67207
100803;2014;4476
100804;2014;7473
100805;2014;7666
100806;2014;8027
100807;2014;6876
100901;2014;12825
100902;2014;4170
100903;2014;4710
100904;2014;11720
100905;2014;4820
100906;2014;4852
100907;2014;4700
100908;2014;4496
101001;2014;4383
101002;2014;4078
101003;2014;8607
101004;2014;6134
101005;2014;3602
101006;2014;12915
101007;2014;3570
101008;2014;12274
101009;2014;16308
101010;2014;11889
101011;2014;7774
101101;2014;3847
101102;2014;3522
101103;2014;15910
101104;2014;7183
101105;2014;6284
101106;2014;5042
101201;2014;47399
101202;2014;4392
101203;2014;6292
101204;2014;5948
101205;2014;6107
101206;2014;4471
101207;2014;4649
101208;2014;4359
101209;2014;4855
101210;2014;4294
101211;2014;7361
101212;2014;5631
101213;2014;4738
101214;2014;5336
101301;2014;17737
101302;2014;11484
101303;2014;4076
101304;2014;8666
101305;2014;1849
101306;2014;5607
101401;2014;43071
101402;2014;14866
101403;2014;4526
101404;2014;6338
101405;2014;5600
101406;2014;5626
101407;2014;2962
101408;2014;10387
101409;2014;12880
101410;2014;6109
101411;2014;7257
101501;2014;4042
101502;2014;5875
101503;2014;2616
101504;2014;2983
101505;2014;3285
101506;2014;6014
101507;2014;3364
101508;2014;7324
101509;2014;2695
101601;2014;64513
101602;2014;3344
101603;2014;2219
101604;2014;5166
101605;2014;3872
101606;2014;7199
101607;2014;6180
101608;2014;4728
101609;2014;10773
101610;2014;7906
101611;2014;3373
101701;2014;5515
101702;2014;4569
101703;2014;3911
101704;2014;5465
101705;2014;4810
101706;2014;4539
101707;2014;6539
101708;2014;3394
101709;2014;32191
101710;2014;6580
101801;2014;4072
101802;2014;3953
101803;2014;6248
101804;2014;4645
101805;2014;4131
101806;2014;4872
101807;2014;14275
101901;2014;43310
101902;2014;7420
101903;2014;5019
101904;2014;11999
102001;2014;14759
102002;2014;20068
102003;2014;57390
102004;2014;30285
102005;2014;4856
102006;2014;6917
102007;2014;4987
102008;2014;12412
102009;2014;13314
102101;2014;12577
102102;2014;5574
102103;2014;4529
102104;2014;3476
102105;2014;4789
106101;2014;706004
106201;2014;75608
106301;2014;48660
120101;2014;30104
120102;2014;19421
120103;2014;6484
120104;2014;5587
120105;2014;7895
120106;2014;13682
120107;2014;11128
120108;2014;5405
120109;2014;5377
120201;2014;8424
120202;2014;36342
120203;2014;9724
120204;2014;14560
120205;2014;7858
120206;2014;6291
120207;2014;9709
120301;2014;12727
120302;2014;9056
120303;2014;48132
120304;2014;22667
120305;2014;34263
120401;2014;2778
120402;2014;21135
120403;2014;3458
120404;2014;3521
120405;2014;7888
120406;2014;7393
120407;2014;13298
120501;2014;28255
120502;2014;17000
120503;2014;9613
120504;2014;17145
120505;2014;6784
120506;2014;8363
120507;2014;4884
120508;2014;5374
120509;2014;5009
120510;2014;6754
120601;2014;14143
120602;2014;7710
120603;2014;8924
120604;2014;10807
120605;2014;14769
120606;2014;32451
120607;2014;16717
120608;2014;9845
120609;2014;13360
120610;2014;10463
120611;2014;43137
120612;2014;13680
120613;2014;5804
120614;2014;9686
120615;2014;11058
120616;2014;25311
120617;2014;20652
120701;2014;15078
120702;2014;7890
120703;2014;9855
120704;2014;8434
120705;2014;7776
120706;2014;7959
120707;2014;24661
120708;2014;9817
120709;2014;17364
120710;2014;7225
120711;2014;6514
120712;2014;6500
120801;2014;7603
120802;2014;6203
120803;2014;4724
120804;2014;5211
120805;2014;19934
120806;2014;2462
120807;2014;3687
120901;2014;15114
120902;2014;9938
120903;2014;43248
120904;2014;10969
120905;2014;6208
120906;2014;8566
120907;2014;14650
120908;2014;8559
120909;2014;7230
121001;2014;6063
121002;2014;27386
121003;2014;9194
121004;2014;24617
121005;2014;10100
121006;2014;14197
121007;2014;16862
121008;2014;5831
121009;2014;16116
121010;2014;10702
121011;2014;11693
121012;2014;8424
121013;2014;10667
121014;2014;12729
121015;2014;3853
121016;2014;23396
121101;2014;33598
121102;2014;7445
121103;2014;22163
121104;2014;7573
121105;2014;18144
121106;2014;6721
121107;2014;5961
121108;2014;9205
121109;2014;23606
121110;2014;8422
121111;2014;14557
121112;2014;17416
121113;2014;4443
121114;2014;10874
121201;2014;10336
121203;2014;7810
121204;2014;15281
121205;2014;49800
121206;2014;7061
121207;2014;23362
121301;2014;39444
121302;2014;21587
121303;2014;13084
121304;2014;34357
121305;2014;8129
121306;2014;18044
121307;2014;4269
121308;2014;6734
121309;2014;9329
121401;2014;8916
121402;2014;5651
121403;2014;5812
121404;2014;3682
121405;2014;16377
121406;2014;3454
121501;2014;5305
121502;2014;9414
121503;2014;8770
121504;2014;6778
121505;2014;10987
121506;2014;16361
121507;2014;11815
121508;2014;9072
121509;2014;5638
121601;2014;11304
121602;2014;8782
121603;2014;14866
121604;2014;11924
121605;2014;9775
121606;2014;11723
121607;2014;6791
121608;2014;14008
121609;2014;25254
121610;2014;18169
121611;2014;10701
121612;2014;4019
121613;2014;13319
121614;2014;12410
121615;2014;18982
121616;2014;8058
121701;2014;27556
121702;2014;7096
121703;2014;13138
121704;2014;8639
121705;2014;11422
121801;2014;43825
121802;2014;10124
121803;2014;19899
121804;2014;6137
121805;2014;4023
121806;2014;10212
121807;2014;6823
121808;2014;7886
121809;2014;38172
121810;2014;12132
121901;2014;9744
121902;2014;17665
121903;2014;10590
121904;2014;26124
121905;2014;55941
126101;2014;761873
126201;2014;83853
126301;2014;111376
140101;2014;10395
140102;2014;5588
140103;2014;3901
140104;2014;5177
140105;2014;5690
140106;2014;2848
140201;2014;44585
140202;2014;6941
140203;2014;8108
140204;2014;3957
140205;2014;3794
140206;2014;4373
140207;2014;5983
140208;2014;5087
140209;2014;7875
140301;2014;17174
140302;2014;4910
140303;2014;5234
140304;2014;12912
140305;2014;6346
140306;2014;5513
140307;2014;7148
140308;2014;4935
140309;2014;4102
140310;2014;10884
140311;2014;8258
140312;2014;7492
140313;2014;5360
140314;2014;8386
140401;2014;18947
140402;2014;12217
140403;2014;3730
140404;2014;6278
140405;2014;5049
140501;2014;16353
140502;2014;3845
140503;2014;5101
140504;2014;44718
140505;2014;11555
140506;2014;8091
140601;2014;6600
140602;2014;7672
140603;2014;9789
140604;2014;2971
140605;2014;25403
140606;2014;5402
140607;2014;8852
140608;2014;8039
140609;2014;4743
140611;2014;19199
140701;2014;5188
140702;2014;7365
140703;2014;4019
140704;2014;3945
140705;2014;30353
140706;2014;6796
140707;2014;4056
140801;2014;54272
140802;2014;17951
140803;2014;13707
140804;2014;13896
140805;2014;12400
140901;2014;2409
140902;2014;5724
140903;2014;11397
140904;2014;4570
140905;2014;6049
140906;2014;5160
141001;2014;2932
141002;2014;10961
141003;2014;3051
141004;2014;5035
141005;2014;4996
141006;2014;4998
141101;2014;10077
141102;2014;2715
141103;2014;5299
141104;2014;6531
141105;2014;1788
141106;2014;5659
141107;2014;4490
141108;2014;2686
141109;2014;3427
141110;2014;3693
141201;2014;40211
141204;2014;6217
141205;2014;9701
141206;2014;6000
141207;2014;15341
141208;2014;5076
141209;2014;5958
141210;2014;5460
141211;2014;14722
141212;2014;8737
141213;2014;7371
141214;2014;6684
141215;2014;19411
141301;2014;30968
141302;2014;3262
141303;2014;4917
141304;2014;3474
141305;2014;7736
141306;2014;4972
141307;2014;4346
141308;2014;4664
141309;2014;4182
141310;2014;5366
141401;2014;28364
141402;2014;9806
141403;2014;5532
141404;2014;19821
141405;2014;8988
141406;2014;6182
141501;2014;6727
141502;2014;2648
141503;2014;5176
141504;2014;8585
141505;2014;11460
141506;2014;9311
141507;2014;8434
141508;2014;10600
141509;2014;10274
141510;2014;10287
141511;2014;4911
141601;2014;22792
141602;2014;4309
141603;2014;2727
141604;2014;2924
141605;2014;11982
141606;2014;2879
141607;2014;12917
141608;2014;3807
141609;2014;1774
141610;2014;4459
141611;2014;3778
141701;2014;20137
141702;2014;45025
141703;2014;11607
141704;2014;15943
141705;2014;8173
141706;2014;3539
141707;2014;6395
141708;2014;12035
141801;2014;25950
141802;2014;24788
141803;2014;23581
141804;2014;78180
141805;2014;10308
141806;2014;11278
141901;2014;9143
141902;2014;8361
141903;2014;8237
141904;2014;5779
141905;2014;8219
141906;2014;11141
141907;2014;5359
141908;2014;6211
141909;2014;3981
141910;2014;8275
141911;2014;4582
141912;2014;7145
141913;2014;11461
141914;2014;7500
141915;2014;5755
142001;2014;22379
142002;2014;4647
142003;2014;8147
142004;2014;7855
142005;2014;3792
142006;2014;2590
142007;2014;6439
142008;2014;4719
142009;2014;7724
142010;2014;8627
142011;2014;5936
142012;2014;5728
142101;2014;22870
142102;2014;60068
142103;2014;25110
142104;2014;17307
142105;2014;12735
142106;2014;21425
142201;2014;17296
142202;2014;10244
142203;2014;3906
142204;2014;7286
142205;2014;3765
142206;2014;3576
142207;2014;7366
142301;2014;4402
142302;2014;4673
142303;2014;3468
142304;2014;3973
142305;2014;4299
142306;2014;12257
142307;2014;4379
142308;2014;5437
142401;2014;3914
142402;2014;4860
142403;2014;4944
142404;2014;24148
142405;2014;4678
142406;2014;4094
142407;2014;4798
142501;2014;19168
142502;2014;8556
142503;2014;15216
142504;2014;6830
142505;2014;14163
142506;2014;12475
142507;2014;11891
142508;2014;10040
142509;2014;7329
142510;2014;14317
142511;2014;9987
142512;2014;8755
142513;2014;12594
142601;2014;2660
142602;2014;2796
142603;2014;8563
142604;2014;5092
142605;2014;6017
142606;2014;2675
142607;2014;3414
142608;2014;17506
142609;2014;7696
142610;2014;4730
142611;2014;5815
142612;2014;4559
142613;2014;10067
142701;2014;18453
142702;2014;6015
142703;2014;6135
142704;2014;4248
142705;2014;7119
142706;2014;4365
142707;2014;6924
142801;2014;37201
142802;2014;4319
142803;2014;6248
142804;2014;5598
142805;2014;6478
142806;2014;3493
142807;2014;10366
142808;2014;11397
142901;2014;18743
142902;2014;3721
142903;2014;2316
142904;2014;4704
142905;2014;6363
142906;2014;5502
142907;2014;3838
142908;2014;6022
142909;2014;4215
143001;2014;6102
143002;2014;5228
143003;2014;3876
143004;2014;5986
143005;2014;19147
143201;2014;21216
143202;2014;10549
143203;2014;4320
143204;2014;10017
143205;2014;25237
143206;2014;22797
143207;2014;17763
143301;2014;12795
143302;2014;4512
143303;2014;6421
143304;2014;7583
143305;2014;17956
143306;2014;4005
143307;2014;6023
143308;2014;5169
143309;2014;2896
143401;2014;21341
143402;2014;29722
143403;2014;32844
143404;2014;17459
143405;2014;7839
143406;2014;7666
143407;2014;9562
143408;2014;6137
143409;2014;25051
143410;2014;2800
143411;2014;19667
143412;2014;51669
143501;2014;8397
143502;2014;7893
143503;2014;6997
143504;2014;5563
143505;2014;39172
143506;2014;5870
143601;2014;4637
143602;2014;5732
143603;2014;6352
143604;2014;4879
143605;2014;15319
143701;2014;5208
143702;2014;4898
143703;2014;7096
143704;2014;4425
143705;2014;3563
143706;2014;14676
143801;2014;41003
143802;2014;11575
143803;2014;8484
143804;2014;5483
143805;2014;9875
146101;2014;52611
146201;2014;122224
146301;2014;217201
146401;2014;76603
146501;2014;1735442
160101;2014;36675
160102;2014;7852
160103;2014;19620
160104;2014;13389
160105;2014;9026
160106;2014;4981
160201;2014;6170
160202;2014;6799
160203;2014;23012
160204;2014;11281
160301;2014;62840
160302;2014;7829
160303;2014;5790
160304;2014;7802
160305;2014;4213
160306;2014;8241
160401;2014;9529
160402;2014;36605
160403;2014;6930
160404;2014;13913
160501;2014;12442
160502;2014;23252
160503;2014;7468
160504;2014;5580
160505;2014;16108
160601;2014;3687
160602;2014;25772
160603;2014;5305
160604;2014;3480
160605;2014;4565
160701;2014;24493
160702;2014;3611
160703;2014;9164
160704;2014;7734
160705;2014;57996
160706;2014;13890
160707;2014;13097
160708;2014;3641
160709;2014;6341
160801;2014;10030
160802;2014;7236
160803;2014;18077
160804;2014;13762
160805;2014;4411
160806;2014;8298
160807;2014;3733
160901;2014;6752
160902;2014;9590
160903;2014;14580
160904;2014;11093
160905;2014;9723
160906;2014;5546
160907;2014;13459
160908;2014;19885
160909;2014;8126
160910;2014;9850
160911;2014;9645
160912;2014;5254
160913;2014;9700
161001;2014;10793
161002;2014;13620
161003;2014;4360
161004;2014;27835
161101;2014;5408
161102;2014;7167
161103;2014;5969
161104;2014;7966
161105;2014;31194
161106;2014;6340
161107;2014;11759
166101;2014;119574
180103;2014;2413
180105;2014;2092
180108;2014;17650
180201;2014;26625
180202;2014;6091
180203;2014;8116
180204;2014;9294
180205;2014;7732
180206;2014;8362
180301;2014;46568
180302;2014;13204
180303;2014;12862
180304;2014;25368
180305;2014;5406
180306;2014;17958
180307;2014;13749
180401;2014;38796
180402;2014;5433
180403;2014;5610
180404;2014;13137
180405;2014;7035
180406;2014;8385
180407;2014;9825
180408;2014;11435
180409;2014;4374
180410;2014;6185
180411;2014;11580
180501;2014;36260
180502;2014;6487
180503;2014;8701
180504;2014;16406
180505;2014;9028
180506;2014;1934
180507;2014;9263
180508;2014;5392
180509;2014;12500
180511;2014;9214
180601;2014;8115
180602;2014;24941
180603;2014;9899
180604;2014;6030
180605;2014;7159
180606;2014;6512
180701;2014;13483
180702;2014;14739
180703;2014;10978
180704;2014;15498
180705;2014;11101
180706;2014;5544
180707;2014;13662
180708;2014;15756
180709;2014;9252
180710;2014;2051
180801;2014;14252
180802;2014;8068
180803;2014;5701
180804;2014;20107
180805;2014;21728
180901;2014;12416
180902;2014;7478
180903;2014;4915
180904;2014;9139
180905;2014;8232
180906;2014;6494
180907;2014;4335
180908;2014;3886
181001;2014;17982
181002;2014;8512
181003;2014;11426
181004;2014;21395
181005;2014;6563
181006;2014;7237
181007;2014;6913
181101;2014;60827
181102;2014;5636
181103;2014;7002
181104;2014;2765
181105;2014;13083
181106;2014;5394
181107;2014;11756
181108;2014;14179
181109;2014;8063
181110;2014;7608
181201;2014;6207
181202;2014;5463
181203;2014;10155
181204;2014;4272
181205;2014;22450
181206;2014;10275
181207;2014;8531
181301;2014;6708
181302;2014;9378
181303;2014;5537
181304;2014;5129
181305;2014;4890
181306;2014;6498
181307;2014;8859
181308;2014;10172
181309;2014;3966
181310;2014;12930
181401;2014;15681
181402;2014;4136
181403;2014;4654
181404;2014;4555
181405;2014;12551
181406;2014;14875
181407;2014;7028
181408;2014;8362
181409;2014;7185
181501;2014;7649
181502;2014;7160
181503;2014;27038
181504;2014;23476
181505;2014;8357
181601;2014;6178
181602;2014;10830
181603;2014;19753
181604;2014;6779
181605;2014;7007
181606;2014;19407
181607;2014;6994
181608;2014;6889
181609;2014;10735
181610;2014;6455
181611;2014;17058
181612;2014;16271
181613;2014;20787
181614;2014;11500
181701;2014;38818
181702;2014;4505
181703;2014;5555
181704;2014;4991
181705;2014;17686
181706;2014;1986
181707;2014;12999
181708;2014;9286
181801;2014;63291
181802;2014;7470
181803;2014;10557
181804;2014;7378
181805;2014;8685
181806;2014;10899
181901;2014;11723
181902;2014;10504
181903;2014;10567
181904;2014;20850
181905;2014;8268
182001;2014;12007
182002;2014;13480
182003;2014;9858
182004;2014;18453
182101;2014;3220
182102;2014;1726
182103;2014;11556
182104;2014;4994
182105;2014;5325
186101;2014;46934
186201;2014;63441
186301;2014;185123
186401;2014;48000
200101;2014;30482
200102;2014;6913
200103;2014;5700
200104;2014;5407
200105;2014;2977
200106;2014;2650
200107;2014;5245
200201;2014;14579
200202;2014;11671
200203;2014;8802
200204;2014;5488
200205;2014;15458
200206;2014;22300
200207;2014;6976
200208;2014;3604
200209;2014;14379
200210;2014;2033
200211;2014;6047
200212;2014;6404
200213;2014;15465
200214;2014;9159
200215;2014;2865
200301;2014;26249
200302;2014;3854
200303;2014;6966
200304;2014;4581
200305;2014;6027
200306;2014;2913
200307;2014;1950
200308;2014;4604
200401;2014;22243
200402;2014;5984
200403;2014;4908
200404;2014;5407
200405;2014;6258
200406;2014;3843
200501;2014;21422
200502;2014;2281
200503;2014;3385
200504;2014;2182
200505;2014;1615
200506;2014;3922
200507;2014;2662
200508;2014;3684
200509;2014;3804
200601;2014;10567
200602;2014;3576
200603;2014;8797
200604;2014;4934
200605;2014;6373
200606;2014;5122
200701;2014;5478
200702;2014;10801
200703;2014;4341
200704;2014;4117
200705;2014;10720
200706;2014;2167
200707;2014;5521
200708;2014;4165
200709;2014;4300
200801;2014;5071
200802;2014;2884
200803;2014;5154
200804;2014;4910
200805;2014;4031
200806;2014;15279
200807;2014;4488
200901;2014;5640
200902;2014;2874
200903;2014;3835
200904;2014;4283
200905;2014;4146
201001;2014;14725
201002;2014;6640
201003;2014;2905
201004;2014;4418
201005;2014;2543
201006;2014;1928
201007;2014;4176
201008;2014;2954
201009;2014;6190
201101;2014;12054
201102;2014;4275
201103;2014;3393
201104;2014;3271
201105;2014;4203
201106;2014;2790
201107;2014;3606
201108;2014;26270
201109;2014;7099
201110;2014;3099
201201;2014;3092
201202;2014;4454
201203;2014;3160
201204;2014;3049
201205;2014;6027
201206;2014;2409
201207;2014;7388
201208;2014;3949
201209;2014;2401
201301;2014;9517
201302;2014;9014
201303;2014;6521
201304;2014;4536
201305;2014;3350
201306;2014;3184
201307;2014;4016
201308;2014;5826
201309;2014;7190
201310;2014;5365
201401;2014;22262
201402;2014;2399
201403;2014;5805
201404;2014;4983
201405;2014;9006
206101;2014;295459
206201;2014;62779
206301;2014;69316
220101;2014;3086
220102;2014;25090
220103;2014;5833
220104;2014;4272
220105;2014;5148
220106;2014;20028
220107;2014;3663
220108;2014;3581
220109;2014;3735
220110;2014;4195
220201;2014;40056
220202;2014;14217
220203;2014;18210
220204;2014;21583
220205;2014;2279
220301;2014;14224
220302;2014;9280
220303;2014;10819
220304;2014;9210
220305;2014;3415
220306;2014;6374
220307;2014;3706
220401;2014;29226
220402;2014;6865
220403;2014;15591
220404;2014;25856
220405;2014;5805
220406;2014;9005
220407;2014;4159
220408;2014;10875
220501;2014;7393
220502;2014;33275
220503;2014;8669
220504;2014;18807
220505;2014;10210
220506;2014;10039
220507;2014;5325
220508;2014;33380
220601;2014;23738
220602;2014;4268
220603;2014;6249
220604;2014;15466
220605;2014;4663
220606;2014;3639
220607;2014;6758
220608;2014;6613
220701;2014;38757
220702;2014;8457
220703;2014;11222
220704;2014;13235
220705;2014;6050
220706;2014;5906
220801;2014;35443
220802;2014;3836
220803;2014;7481
220804;2014;13455
220805;2014;6041
220901;2014;38950
220903;2014;4725
220904;2014;4687
220906;2014;3415
220907;2014;7783
220908;2014;4697
221001;2014;1335
221002;2014;18084
221003;2014;3209
221004;2014;9949
221005;2014;3677
221101;2014;3594
221102;2014;3866
221103;2014;11321
221104;2014;15456
221105;2014;12342
221106;2014;10652
221107;2014;25183
221201;2014;16056
221202;2014;6281
221203;2014;9802
221204;2014;9436
221205;2014;9449
221206;2014;11302
221207;2014;7091
221208;2014;16558
221209;2014;3475
221210;2014;8277
221301;2014;3270
221302;2014;3551
221303;2014;48327
221304;2014;3066
221305;2014;5277
221306;2014;6343
221307;2014;2878
221308;2014;2502
221309;2014;14712
221310;2014;4666
221311;2014;5309
221312;2014;15898
221313;2014;11498
221401;2014;60573
221402;2014;15875
221403;2014;3781
221404;2014;16647
221405;2014;5483
221406;2014;13681
221501;2014;23565
221502;2014;47602
221503;2014;50292
221504;2014;5635
221505;2014;7384
221506;2014;6147
221507;2014;15137
221508;2014;11935
221509;2014;16406
221510;2014;23573
221601;2014;9465
221602;2014;3739
221603;2014;4088
221604;2014;6425
221605;2014;18765
226101;2014;461489
226201;2014;247820
226301;2014;93206
226401;2014;37654
240101;2014;58205
240102;2014;32666
240103;2014;9033
240104;2014;11941
240105;2014;7614
240106;2014;11859
240107;2014;12284
240108;2014;7135
240201;2014;5799
240202;2014;11309
240203;2014;11119
240204;2014;44805
240205;2014;23121
240206;2014;7051
240207;2014;12660
240208;2014;15384
240209;2014;16821
240210;2014;13290
240301;2014;35685
240302;2014;16073
240303;2014;11198
240304;2014;11064
240305;2014;9579
240306;2014;5751
240307;2014;12987
240308;2014;10629
240309;2014;11935
240310;2014;26697
240311;2014;12940
240312;2014;13170
240401;2014;13214
240402;2014;3972
240403;2014;5991
240404;2014;5652
240405;2014;13705
240406;2014;9836
240407;2014;10750
240408;2014;4910
240409;2014;4965
240410;2014;10724
240411;2014;14860
240412;2014;7649
240413;2014;12782
240414;2014;3869
240415;2014;10055
240416;2014;2826
240501;2014;38859
240502;2014;18563
240503;2014;11624
240504;2014;11451
240505;2014;10613
240506;2014;8682
240507;2014;9433
240508;2014;5903
240601;2014;20629
240602;2014;9197
240603;2014;6422
240604;2014;7622
240605;2014;6872
240606;2014;5081
240607;2014;5988
240608;2014;5937
240609;2014;17648
240701;2014;24182
240702;2014;3371
240703;2014;7632
240704;2014;6886
240705;2014;6891
240706;2014;11765
240707;2014;6612
240708;2014;9641
240801;2014;22419
240802;2014;39795
240803;2014;20194
240804;2014;5963
240805;2014;7736
240901;2014;32499
240902;2014;14394
240903;2014;5721
240904;2014;10957
240905;2014;8406
241001;2014;6643
241002;2014;4898
241003;2014;16070
241004;2014;18087
241005;2014;51712
241006;2014;11999
241101;2014;55710
241102;2014;5053
241103;2014;5847
241104;2014;11350
241105;2014;11963
241106;2014;7355
241107;2014;6906
241108;2014;5178
241201;2014;42025
241202;2014;9371
241203;2014;4045
241204;2014;9603
241205;2014;12106
241301;2014;8626
241302;2014;7383
241303;2014;17050
241304;2014;60879
241305;2014;3265
241306;2014;5655
241307;2014;11814
241308;2014;8073
241309;2014;15757
241401;2014;19636
241402;2014;8723
241403;2014;16749
241404;2014;7534
241405;2014;6173
241501;2014;14293
241502;2014;18028
241503;2014;21763
241504;2014;48864
241505;2014;13468
241506;2014;20762
241507;2014;7946
241508;2014;5439
241509;2014;7466
241601;2014;8749
241602;2014;50990
241603;2014;2746
241604;2014;6331
241605;2014;16054
241606;2014;9307
241607;2014;8778
241608;2014;8003
241609;2014;5297
241610;2014;4757
241701;2014;31942
241702;2014;6800
241703;2014;6144
241704;2014;13426
241705;2014;2450
241706;2014;10441
241707;2014;4477
241708;2014;13940
241709;2014;10104
241710;2014;13097
241711;2014;9025
241712;2014;3501
241713;2014;8102
241714;2014;4609
241715;2014;15131
246101;2014;173013
246201;2014;172306
246301;2014;110337
246401;2014;230123
246501;2014;123376
246601;2014;184415
246701;2014;90794
246801;2014;93331
246901;2014;301834
247001;2014;75037
247101;2014;56755
247201;2014;140669
247301;2014;140052
247401;2014;68634
247501;2014;209274
247601;2014;51494
247701;2014;128621
247801;2014;177188
247901;2014;62051
260101;2014;32889
260102;2014;4514
260103;2014;6215
260104;2014;7597
260105;2014;5079
260106;2014;7771
260107;2014;3758
260108;2014;5627
260201;2014;4470
260202;2014;28709
260203;2014;11698
260204;2014;5132
260205;2014;4662
260206;2014;12834
260207;2014;4368
260208;2014;8538
260209;2014;7224
260301;2014;4203
260302;2014;3901
260303;2014;16503
260304;2014;3400
260305;2014;6682
260401;2014;10171
260402;2014;11697
260403;2014;15022
260404;2014;11477
260405;2014;15625
260406;2014;13881
260407;2014;6922
260408;2014;9043
260409;2014;10565
260410;2014;11182
260411;2014;9355
260412;2014;15603
260413;2014;9636
260414;2014;16286
260415;2014;4821
260416;2014;5729
260417;2014;7651
260418;2014;10453
260419;2014;12947
260501;2014;4621
260502;2014;4720
260503;2014;36276
260504;2014;9121
260505;2014;3191
260506;2014;3431
260507;2014;3813
260508;2014;17752
260601;2014;4984
260602;2014;6869
260603;2014;5502
260604;2014;12102
260605;2014;11067
260606;2014;4096
260607;2014;5407
260608;2014;4221
260701;2014;71728
260702;2014;3569
260703;2014;13679
260704;2014;7625
260705;2014;10018
260706;2014;7059
260801;2014;5221
260802;2014;4474
260803;2014;4758
260804;2014;21307
260805;2014;4590
260901;2014;24326
260902;2014;8933
260903;2014;8352
260904;2014;6853
260905;2014;7526
260906;2014;6591
260907;2014;8634
260908;2014;3796
260909;2014;4614
261001;2014;47212
261002;2014;8360
261003;2014;5340
261004;2014;6212
261005;2014;10523
261101;2014;50679
261102;2014;11136
261103;2014;8379
261104;2014;15332
261105;2014;7014
261201;2014;7895
261202;2014;4222
261203;2014;3897
261204;2014;7832
261205;2014;11968
261206;2014;6358
261207;2014;26369
261208;2014;4779
261301;2014;5260
261302;2014;10768
261303;2014;2760
261304;2014;2539
261305;2014;4918
261306;2014;19901
266101;2014;198857
280101;2014;24432
280102;2014;4198
280103;2014;11002
280104;2014;6620
280105;2014;7036
280106;2014;6542
280201;2014;17281
280202;2014;6216
280203;2014;3719
280204;2014;3035
280205;2014;6543
280206;2014;2581
280207;2014;3094
280301;2014;21489
280302;2014;9823
280303;2014;7330
280304;2014;14549
280305;2014;5812
280306;2014;7283
280401;2014;7266
280402;2014;3225
280403;2014;5180
280404;2014;4197
280405;2014;3330
280406;2014;4528
280407;2014;19653
280408;2014;3959
280409;2014;6836
280501;2014;60103
280502;2014;11270
280503;2014;7030
280504;2014;7505
280505;2014;3975
280601;2014;29932
280604;2014;8276
280605;2014;3154
280606;2014;3844
280608;2014;5853
280610;2014;6503
280701;2014;33344
280702;2014;10098
280703;2014;12884
280704;2014;6079
280705;2014;10632
280706;2014;13038
280707;2014;6977
280801;2014;27924
280802;2014;6580
280803;2014;8466
280804;2014;10267
280805;2014;7834
280806;2014;3969
280901;2014;16332
280902;2014;3338
280903;2014;6771
280904;2014;3668
280905;2014;12397
281001;2014;22135
281002;2014;8348
281003;2014;7979
281004;2014;7755
281005;2014;4684
281101;2014;3320
281102;2014;2788
281103;2014;6230
281104;2014;21521
281201;2014;11180
281202;2014;9523
281203;2014;6386
281204;2014;9094
281205;2014;8108
281303;2014;5266
281304;2014;22091
281305;2014;4034
281306;2014;3414
281401;2014;17465
281402;2014;19157
281403;2014;16161
281404;2014;11097
281405;2014;6485
281406;2014;7952
281407;2014;7090
281408;2014;3292
281409;2014;14007
281410;2014;8507
281411;2014;7656
281412;2014;4180
281501;2014;33790
281502;2014;4443
281503;2014;5771
281504;2014;4550
281505;2014;6409
281506;2014;5639
281507;2014;5073
281508;2014;24868
281509;2014;15899
281601;2014;12093
281602;2014;9360
281603;2014;27968
281604;2014;8350
281701;2014;24185
281702;2014;6768
281703;2014;3715
281704;2014;5386
281705;2014;5709
281706;2014;12473
281707;2014;6076
281708;2014;6579
281801;2014;3921
281802;2014;3062
281803;2014;20370
281901;2014;2951
281902;2014;3328
281903;2014;17325
286101;2014;122368
286201;2014;173831
300101;2014;19299
300102;2014;8453
300103;2014;5943
300104;2014;6374
300105;2014;7553
300201;2014;11139
300202;2014;11359
300203;2014;5969
300204;2014;8759
300205;2014;7524
300206;2014;6206
300207;2014;24465
300208;2014;12624
300301;2014;69686
300302;2014;7315
300303;2014;10846
300304;2014;5436
300305;2014;7613
300306;2014;6280
300307;2014;4050
300308;2014;5736
300309;2014;14406
300310;2014;13707
300401;2014;7601
300402;2014;27962
300403;2014;13032
300404;2014;5978
300405;2014;8618
300406;2014;5112
300407;2014;7890
300501;2014;5026
300502;2014;19582
300503;2014;6628
300504;2014;13115
300505;2014;6866
300601;2014;8360
300602;2014;45590
300603;2014;7345
300604;2014;10480
300701;2014;9813
300702;2014;5846
300703;2014;4835
300704;2014;9249
300705;2014;7544
300706;2014;5318
300707;2014;4942
300708;2014;10758
300709;2014;7219
300710;2014;7903
300711;2014;9387
300801;2014;7793
300802;2014;6010
300803;2014;24754
300804;2014;5331
300805;2014;3816
300806;2014;3889
300807;2014;4898
300901;2014;22834
300902;2014;8062
300903;2014;3241
300904;2014;6498
300905;2014;5743
300906;2014;13172
300907;2014;7630
300908;2014;6723
300909;2014;4647
300910;2014;6006
300911;2014;4292
301001;2014;11864
301002;2014;5249
301003;2014;11339
301004;2014;10009
301005;2014;10927
301006;2014;7784
301007;2014;8435
301008;2014;7143
301009;2014;6180
301010;2014;10467
301011;2014;11716
301012;2014;14009
301013;2014;7567
301014;2014;6295
301101;2014;23949
301102;2014;11473
301103;2014;15810
301104;2014;10027
301105;2014;17764
301201;2014;2905
301202;2014;8177
301203;2014;13504
301204;2014;40684
301205;2014;5185
301206;2014;7454
301301;2014;8457
301302;2014;7335
301303;2014;8994
301304;2014;8837
301305;2014;7751
301306;2014;3802
301307;2014;9246
301401;2014;3411
301402;2014;6314
301403;2014;18609
301404;2014;8792
301501;2014;5561
301502;2014;9329
301503;2014;3638
301504;2014;26051
301505;2014;16304
301506;2014;13655
301601;2014;33646
301602;2014;18208
301603;2014;7429
301701;2014;72754
301702;2014;15246
301703;2014;14432
301704;2014;18909
301705;2014;12014
301706;2014;11835
301707;2014;9631
301708;2014;6582
301801;2014;2499
301802;2014;5297
301803;2014;7819
301804;2014;6147
301805;2014;3643
301806;2014;6112
301807;2014;23888
301901;2014;74333
301902;2014;4957
301903;2014;7850
301904;2014;9751
301905;2014;3247
301906;2014;8704
301907;2014;8079
301908;2014;14132
301909;2014;6787
302001;2014;4741
302002;2014;4885
302003;2014;8302
302004;2014;4673
302005;2014;10422
302006;2014;30259
302101;2014;30813
302102;2014;9802
302103;2014;12375
302104;2014;26861
302105;2014;22447
302106;2014;7221
302107;2014;24433
302108;2014;17593
302109;2014;23817
302110;2014;30500
302111;2014;16732
302112;2014;18969
302113;2014;15078
302114;2014;14899
302115;2014;16209
302116;2014;47160
302117;2014;23985
302201;2014;8936
302202;2014;7146
302203;2014;9402
302204;2014;4785
302205;2014;30200
302301;2014;14016
302302;2014;5762
302303;2014;3918
302304;2014;5196
302305;2014;2278
302306;2014;9087
302307;2014;10326
302308;2014;9115
302401;2014;2393
302402;2014;8681
302403;2014;8093
302404;2014;4479
302405;2014;5041
302406;2014;12550
302407;2014;29607
302408;2014;19078
302501;2014;2997
302502;2014;6853
302503;2014;9101
302504;2014;31426
302505;2014;6779
302601;2014;4923
302602;2014;5891
302603;2014;8592
302604;2014;41389
302701;2014;27926
302702;2014;5977
302703;2014;6269
302704;2014;5239
302705;2014;6532
302706;2014;4428
302707;2014;10670
302708;2014;9248
302709;2014;8152
302801;2014;25266
302802;2014;5566
302803;2014;8519
302804;2014;6097
302805;2014;9341
302806;2014;3050
302807;2014;12048
302901;2014;13980
302902;2014;12533
302903;2014;30466
303001;2014;6124
303002;2014;10356
303003;2014;7327
303004;2014;7202
303005;2014;45820
303101;2014;18492
303102;2014;11716
303103;2014;7612
303104;2014;5638
303105;2014;8826
303106;2014;3122
303107;2014;4934
303108;2014;9658
306101;2014;103373
306201;2014;76547
306301;2014;64616
306401;2014;545680
320101;2014;24571
320102;2014;7833
320103;2014;9316
320104;2014;6959
320201;2014;4804
320202;2014;22265
320203;2014;5222
320204;2014;3799
320205;2014;7964
320206;2014;5655
320301;2014;12028
320302;2014;16534
320303;2014;7365
320304;2014;2567
320305;2014;4358
320306;2014;15412
320402;2014;35709
320403;2014;8786
320404;2014;24894
320405;2014;3019
320406;2014;5134
320407;2014;4965
320501;2014;3831
320502;2014;24031
320503;2014;4140
320504;2014;9088
320507;2014;3846
320508;2014;16581
320601;2014;6442
320602;2014;4362
320603;2014;13937
320604;2014;32178
320605;2014;7413
320606;2014;4362
320607;2014;3861
320608;2014;5568
320609;2014;5565
320701;2014;4012
320702;2014;5982
320703;2014;14479
320704;2014;6583
320705;2014;4356
320706;2014;12339
320801;2014;46720
320802;2014;5648
320803;2014;5186
320804;2014;10485
320805;2014;4073
320806;2014;3758
320807;2014;3697
320901;2014;8591
320902;2014;6473
320903;2014;9450
320904;2014;6881
320905;2014;5082
320906;2014;9010
320907;2014;13734
320908;2014;6741
321001;2014;19739
321002;2014;2912
321003;2014;20945
321004;2014;20429
321005;2014;3392
321101;2014;20144
321102;2014;11829
321103;2014;1668
321104;2014;41745
321201;2014;3143
321202;2014;2634
321203;2014;6052
321204;2014;5353
321205;2014;19740
321206;2014;3566
321301;2014;14059
321302;2014;12825
321303;2014;8048
321304;2014;6506
321305;2014;7053
321306;2014;8998
321401;2014;68922
321402;2014;6020
321403;2014;5048
321404;2014;8025
321405;2014;3557
321406;2014;5057
321408;2014;3190
321409;2014;3733
321410;2014;12692
321411;2014;4349
321501;2014;40535
321502;2014;8754
321503;2014;5342
321504;2014;9818
321505;2014;4989
321506;2014;9420
321601;2014;15588
321602;2014;2849
321603;2014;15749
321604;2014;3813
321605;2014;4246
321606;2014;6098
321701;2014;26033
321702;2014;5046
321703;2014;5530
321704;2014;5064
321705;2014;12675
321801;2014;4478
321802;2014;14283
321803;2014;3677
321804;2014;8196
321805;2014;7170
326101;2014;108605
326201;2014;407180
326301;2014;41276
